{"num_train": 19629, "num_valid": 3382, "_timestamp": 1682954103, "_runtime": 4562, "_step": 4652, "loss": 0.003567189909517765, "train_loss": 0.0037384003630609483, "lr": 1.859423525312737e-05, "epoch": 1, "valid_loss": 0.0049051437009539865, "valid_padded_cmAP": 0.47981662850638573, "cmAP": 0.48016036443417265, "best": {"epoch": 1, "cmAP": 0.48016036443417265, "_timestamp": 1682953903, "_runtime": 4362}, "table": {"_type": "table-file", "sha256": "87f50009995cb8b69202d048a70b27da742a07ffc92fa5ca70e2099fa91b01da", "size": 210367, "artifact_path": "wandb-client-artifact://15ehzjsqfp6i6w9bqt64tuthlnofpqsqcxo74jxjxg1wz7cqw77duddba7f062eqlseaszpghe40genuhohv37bn7qvgno3q1ffmqwiv3yc9s9rrzo7vr3on2xctg9v1:latest/table.table.json", "_latest_artifact_path": "wandb-client-artifact://15ehzjsqfp6i6w9bqt64tuthlnofpqsqcxo74jxjxg1wz7cqw77duddba7f062eqlseaszpghe40genuhohv37bn7qvgno3q1ffmqwiv3yc9s9rrzo7vr3on2xctg9v1:latest/table.table.json", "path": "media/table/table_4652_87f50009995cb8b69202.table.json", "ncols": 6, "nrows": 3282}, "_wandb": {"runtime": 4636}}