{"num_train": 19627, "num_valid": 3381, "_timestamp": 1683738701, "_runtime": 9819, "_step": 4652, "loss": 3.5339269638061523, "train_loss": 3.5223418443233934, "lr": 0.00010453658778440107, "epoch": 29, "valid_loss": 5.273258169174759, "valid_padded_cmAP": 0.9073155306676549, "cmAP": 0.9080627759997086, "best": {"epoch": 29, "cmAP": 0.9080627759997086, "_timestamp": 1683738657, "_runtime": 9775}, "table": {"_type": "table-file", "sha256": "9f56998fa5def7a04d3eff43d480cb57fa2ca9c53bf3ee069e313e15d2c28f06", "size": 54389, "artifact_path": "wandb-client-artifact://tyw7h27drg3ia19026g9o4fhs6xmjvv6qpp7yvuf03q3yg9q1zfhvzyxanlhfayt85o0kk7xwwqddt7o3h4a4q3mxevohicv1hx02uv6up8fjgmvva2xlzmcj5zml3jm:latest/table.table.json", "_latest_artifact_path": "wandb-client-artifact://tyw7h27drg3ia19026g9o4fhs6xmjvv6qpp7yvuf03q3yg9q1zfhvzyxanlhfayt85o0kk7xwwqddt7o3h4a4q3mxevohicv1hx02uv6up8fjgmvva2xlzmcj5zml3jm:latest/table.table.json", "path": "media/table/table_4652_9f56998fa5def7a04d3e.table.json", "ncols": 6, "nrows": 830}, "_wandb": {"runtime": 9823}}