{"num_train": 19624, "num_valid": 3380, "_timestamp": 1683139987, "_runtime": 4653, "_step": 4652, "loss": 0.9973651766777039, "train_loss": 1.091177308714235, "lr": 0.00010453658778440107, "epoch": 30, "valid_loss": 0.8723917222685285, "valid_padded_cmAP": 0.912193265283954, "cmAP": 0.912193265283954, "best": {"epoch": 30, "cmAP": 0.912193265283954, "_timestamp": 1683139956, "_runtime": 4622}, "table": {"_type": "table-file", "sha256": "1339e30d1441b4c5f851354b4feecad48c8a47ee78486d3895fc77dfccff2adf", "size": 39786, "artifact_path": "wandb-client-artifact://r8up56r4bgg44mlcjwvoiwyinka1baesdg4y9b893zyx7lhhysk8e26b6qqw7jcb0j2t24wszm2bmrfuhse26k2p06gsvucwlpbf1htrhgs4rk1z6fbaneb8fbxpsl2i:latest/table.table.json", "_latest_artifact_path": "wandb-client-artifact://r8up56r4bgg44mlcjwvoiwyinka1baesdg4y9b893zyx7lhhysk8e26b6qqw7jcb0j2t24wszm2bmrfuhse26k2p06gsvucwlpbf1htrhgs4rk1z6fbaneb8fbxpsl2i:latest/table.table.json", "path": "media/table/table_4652_1339e30d1441b4c5f851.table.json", "ncols": 6, "nrows": 605}, "_wandb": {"runtime": 4650}}