{"num_train": 19627, "num_valid": 3381, "_timestamp": 1683459592, "_runtime": 5534, "_step": 5427, "loss": 0.001622417476028204, "train_loss": 0.0016299493167875939, "lr": 8.006784716707628e-05, "epoch": 35, "valid_loss": 0.001695544282146902, "valid_padded_cmAP": 0.839009286715629, "primary_cmAP": 0.839009286715629, "best": {"epoch": 35, "primary_cmAP": 0.839009286715629, "_timestamp": 1683459541, "_runtime": 5483}, "table": {"_type": "table-file", "sha256": "cadfc175e7d9d12fd6a58303431d1a27ee5c79575f383e853dc7bdde1ff7cfd9", "size": 65839, "artifact_path": "wandb-client-artifact://19h9zyrb354usmz51yfkwgni1liojwbwngkq4dak3cetgr5pyq1mddrbw511wq640uzptv80gagt24mbliwh0zyf9emis88kcmhh1kcnbtuuadigekhvah7khbuy517h:latest/table.table.json", "_latest_artifact_path": "wandb-client-artifact://19h9zyrb354usmz51yfkwgni1liojwbwngkq4dak3cetgr5pyq1mddrbw511wq640uzptv80gagt24mbliwh0zyf9emis88kcmhh1kcnbtuuadigekhvah7khbuy517h:latest/table.table.json", "path": "media/table/table_5427_cadfc175e7d9d12fd6a5.table.json", "ncols": 6, "nrows": 1003}, "_wandb": {"runtime": 5541}}