{"num_train": 19627, "num_valid": 3381, "_timestamp": 1683388543, "_runtime": 5116, "_step": 4652, "loss": 0.00124281644821167, "train_loss": 0.001309362333872682, "lr": 0.00010453658778440107, "epoch": 30, "valid_loss": 0.001485163960347159, "valid_padded_cmAP": 0.8753146568084722, "primary_cmAP": 0.8753146568084722, "best": {"epoch": 30, "primary_cmAP": 0.8753146568084722, "_timestamp": 1683388494, "_runtime": 5067}, "table": {"_type": "table-file", "sha256": "6fda7a25833f6f18537e94f7d17cf4e8d0cdb1fc6a59c8c685b24ad9ce9768ee", "size": 51068, "artifact_path": "wandb-client-artifact://qbm3ba8zo4fe2p7p811gn3ok02lp3z5gq8cnqclv9uvch9wjnsx2wsuz68jli33amrd6fxsext4b65nyi8og4u929n5psygzl0pzlmmxatmw3xzrnmc0m4qub3ix35t1:latest/table.table.json", "_latest_artifact_path": "wandb-client-artifact://qbm3ba8zo4fe2p7p811gn3ok02lp3z5gq8cnqclv9uvch9wjnsx2wsuz68jli33amrd6fxsext4b65nyi8og4u929n5psygzl0pzlmmxatmw3xzrnmc0m4qub3ix35t1:latest/table.table.json", "path": "media/table/table_4652_6fda7a25833f6f18537e.table.json", "ncols": 6, "nrows": 776}, "_wandb": {"runtime": 5120}}