{"num_train": 19629, "num_valid": 3381, "_timestamp": 1680805547, "_runtime": 4812, "_step": 4652, "loss": 0.001526941661722958, "train_loss": 0.0014502579919304457, "lr": 0.00010453658778440107, "epoch": 30, "valid_loss": 0.0011984380522604894, "valid_padded_cmAP": 0.6597410645484683, "cmAP": 0.6597410645484683, "best": {"epoch": 30, "cmAP": 0.6597410645484683, "_timestamp": 1680805443, "_runtime": 4708}, "table": {"_type": "table-file", "sha256": "58ef5e284420ffd84a822bfb3d020c2f656e6f9d428a3985faaf772b9211dd0c", "size": 128957, "artifact_path": "wandb-client-artifact://16cpbx677rzv7b9d954bho07m0rwduljt4qm6260l0g8kjvyscs66j8wbrg1aqzlo21kdgym2z2r77i0c2ufzkgleb46hwe0r1x55p25u5gxqzig8p7x1nbtooe2nrh0:latest/table.table.json", "_latest_artifact_path": "wandb-client-artifact://16cpbx677rzv7b9d954bho07m0rwduljt4qm6260l0g8kjvyscs66j8wbrg1aqzlo21kdgym2z2r77i0c2ufzkgleb46hwe0r1x55p25u5gxqzig8p7x1nbtooe2nrh0:latest/table.table.json", "path": "media/table/table_4652_58ef5e284420ffd84a82.table.json", "ncols": 6, "nrows": 1968}, "_wandb": {"runtime": 4840}}