{"num_train": 19629, "num_valid": 3382, "_timestamp": 1683197428, "_runtime": 2046, "_step": 1704, "loss": 0.0027368057053536177, "train_loss": 0.002902957926770406, "lr": 0.0009572050015330874, "epoch": 10, "valid_loss": 0.002874515325486384, "valid_padded_cmAP": 0.7540385633077908}