{"num_train": 19627, "num_valid": 3381, "_timestamp": 1683452533, "_runtime": 1567, "_step": 1486, "loss": 0.003472017589956522, "train_loss": 0.003671256630294412, "lr": 0.0009821616160444473, "epoch": 9, "valid_loss": 0.00436301502675094, "valid_padded_cmAP": 0.5402510001719457}