{"num_train": 78407, "num_valid": 3216, "_timestamp": 1682990155, "_runtime": 10595, "_step": 2146, "loss": 3.4233388900756836, "train_loss": 3.999833504099636, "lr": 0.00043000000000000004, "epoch": 3, "valid_loss": 2.027899673351875, "valid_padded_cmAP": 0.8696473056465917}