{"num_train": 19627, "num_valid": 3381, "_timestamp": 1680790482, "_runtime": 4076, "_step": 4651, "loss": 6.423249033105094e-06, "train_loss": 6.579291322567143e-06, "lr": 0.000303665361677479, "epoch": 26, "valid_loss": 6.507170736666821e-06, "valid_padded_cmAP": 0.47953043869291406, "cmAP": 0.48012202152551076}