{"num_train": 19627, "num_valid": 3381, "_timestamp": 1680865288, "_runtime": 4843, "_step": 4652, "loss": 2.2994790077209473, "train_loss": 2.4217998068054003, "lr": 0.00010453658778440107, "epoch": 29, "valid_loss": 4.808775495599817, "valid_padded_cmAP": 0.8990189842587895, "cmAP": 0.8993775784215848, "best": {"epoch": 29, "cmAP": 0.8993775784215848, "_timestamp": 1680865255, "_runtime": 4810}, "table": {"_type": "table-file", "sha256": "492b59ddfaa61b43e12dba9165c122c69c615b7ce634af11de71cfef11c5fe82", "size": 45318, "artifact_path": "wandb-client-artifact://vt3rxfh7v7gbaghbuetgrdnvn0nts2wka0rkba41w3v1f8h9dwrlbk9p02ahu2i153ecl79ydjmi476i0rlagcteatsmp1jstehiz38jdear3jg5bk0w36e0bbpcrq3w:latest/table.table.json", "_latest_artifact_path": "wandb-client-artifact://vt3rxfh7v7gbaghbuetgrdnvn0nts2wka0rkba41w3v1f8h9dwrlbk9p02ahu2i153ecl79ydjmi476i0rlagcteatsmp1jstehiz38jdear3jg5bk0w36e0bbpcrq3w:latest/table.table.json", "path": "media/table/table_4652_492b59ddfaa61b43e12d.table.json", "ncols": 6, "nrows": 689}, "_wandb": {"runtime": 4851}}