{"num_train": 20217, "num_valid": 3382, "_timestamp": 1684837635, "_runtime": 7434, "_step": 6342, "loss": 2.362577199935913, "train_loss": 2.139431663329088, "lr": 2.8549663646838717e-05, "epoch": 17, "valid_loss": 1.5172547653869346, "valid_padded_cmAP": 0.9021622493218645, "primary_cmAP": 0.9041103381941916, "best": {"epoch": 17, "primary_cmAP": 0.9041103381941916, "_timestamp": 1684837585, "_runtime": 7384}, "table": {"_type": "table-file", "sha256": "1d0a3e4f2e3ed9e46f4d965662325edb373570d490df961f08844a1074c66c1a", "size": 43924, "artifact_path": "wandb-client-artifact://wbhpmyoerb2ifhjavygv3764i6p9zuo479cwydx47usymambck0l775e9pk9orzzvi9k5zu4wvm3mebgvvdf2mqazmna5o20eum1eo3d4qfr26sh0ztrm3xv0jhg5axt:latest/table.table.json", "_latest_artifact_path": "wandb-client-artifact://wbhpmyoerb2ifhjavygv3764i6p9zuo479cwydx47usymambck0l775e9pk9orzzvi9k5zu4wvm3mebgvvdf2mqazmna5o20eum1eo3d4qfr26sh0ztrm3xv0jhg5axt:latest/table.table.json", "path": "media/table/table_6342_1d0a3e4f2e3ed9e46f4d.table.json", "ncols": 6, "nrows": 669}, "_wandb": {"runtime": 7433}}