{"num_train": 19627, "num_valid": 3381, "_timestamp": 1683822464, "_runtime": 9894, "_step": 4652, "loss": 3.303903579711914, "train_loss": 3.4057627204176666, "lr": 0.00010453658778440107, "epoch": 30, "valid_loss": 5.206250251520671, "valid_padded_cmAP": 0.9385737833987244, "cmAP": 0.9385737833987244, "best": {"epoch": 30, "cmAP": 0.9385737833987244, "_timestamp": 1683822426, "_runtime": 9856}, "table": {"_type": "table-file", "sha256": "0578c8b42cb60c32f1a40929c4e3df582913bb9a0f6199f85b528edcef74d714", "size": 44990, "artifact_path": "wandb-client-artifact://rzon77sgai7wgsx1dhh71v93j5r5z9mbbrpvg1vfrroviibwibwqniwcqkw097z4838szkl6rr18a2eabbl4nkskotivhbvt95rj53t0pv5wbo0l91o1joolh8qkjz39:latest/table.table.json", "_latest_artifact_path": "wandb-client-artifact://rzon77sgai7wgsx1dhh71v93j5r5z9mbbrpvg1vfrroviibwibwqniwcqkw097z4838szkl6rr18a2eabbl4nkskotivhbvt95rj53t0pv5wbo0l91o1joolh8qkjz39:latest/table.table.json", "path": "media/table/table_4652_0578c8b42cb60c32f1a4.table.json", "ncols": 6, "nrows": 686}, "_wandb": {"runtime": 9895}}