{"num_train": 19629, "num_valid": 3381, "_timestamp": 1681602654, "_runtime": 7509, "_step": 9242, "loss": 0.0015126003418117762, "train_loss": 0.0016268137425293461, "lr": 0.00010453658778440107, "epoch": 30, "valid_loss": 0.0015290306818550798, "valid_padded_cmAP": 0.8651393632605466, "cmAP": 0.8651393632605466, "best": {"epoch": 30, "cmAP": 0.8651393632605466, "_timestamp": 1681602606, "_runtime": 7461}, "table": {"_type": "table-file", "sha256": "5ca394f02275a6369e9a542e04c53d35c9f8675adf91db534411f786e5a254c0", "size": 56501, "artifact_path": "wandb-client-artifact://59r1frcijtftrdb73hfd51ztdz8cmjoo6zheu75l09yxb1zbp1c83u4d9av994jcnidv8co2ijbgnw0hgfhot17scnqwk0tobibstuqz2fzm3t25lylc99fgnm7nwu6t:latest/table.table.json", "_latest_artifact_path": "wandb-client-artifact://59r1frcijtftrdb73hfd51ztdz8cmjoo6zheu75l09yxb1zbp1c83u4d9av994jcnidv8co2ijbgnw0hgfhot17scnqwk0tobibstuqz2fzm3t25lylc99fgnm7nwu6t:latest/table.table.json", "path": "media/table/table_9242_5ca394f02275a6369e9a.table.json", "ncols": 6, "nrows": 860}, "_wandb": {"runtime": 7512}}