{"num_train": 19629, "num_valid": 3382, "_timestamp": 1681595100, "_runtime": 7500, "_step": 9242, "loss": 0.0019729663617908955, "train_loss": 0.0016174996192096839, "lr": 0.00010453658778440107, "epoch": 30, "valid_loss": 0.0014058394676626281, "valid_padded_cmAP": 0.8780245280898011, "cmAP": 0.8780245280898011, "best": {"epoch": 30, "cmAP": 0.8780245280898011, "_timestamp": 1681595056, "_runtime": 7456}, "table": {"_type": "table-file", "sha256": "c69244d43183a5ff48edf542582c091d0549c82af124556bc64b08a363287776", "size": 53769, "artifact_path": "wandb-client-artifact://akwrkowsmcqj446krl0f8p0xflctpudfqm6zc6aj868bnnspr7y5g2yvwhkwkbz4b61toljyt0raquu3eagl6rw3arl8lbezkmm0n0z39dh7dxhlhjrem52zv5lho1zl:latest/table.table.json", "_latest_artifact_path": "wandb-client-artifact://akwrkowsmcqj446krl0f8p0xflctpudfqm6zc6aj868bnnspr7y5g2yvwhkwkbz4b61toljyt0raquu3eagl6rw3arl8lbezkmm0n0z39dh7dxhlhjrem52zv5lho1zl:latest/table.table.json", "path": "media/table/table_9242_c69244d43183a5ff48ed.table.json", "ncols": 6, "nrows": 819}, "_wandb": {"runtime": 7503}}