{"num_train": 19624, "num_valid": 3380, "_timestamp": 1684153492, "_runtime": 5845, "_step": 4201, "loss": 0.00081879913341254, "train_loss": 0.000977488975841915, "lr": 0.000628101494146603, "epoch": 27, "valid_loss": 0.0019307107733631576, "valid_padded_cmAP": 0.8836912199157472}