{"num_train": 19629, "num_valid": 3381, "_timestamp": 1683130597, "_runtime": 4764, "_step": 4652, "loss": 1.1743085384368896, "train_loss": 1.1032054869385508, "lr": 0.00010453658778440107, "epoch": 29, "valid_loss": 0.9204484743100626, "valid_padded_cmAP": 0.9107611412786067, "cmAP": 0.9113817232561294, "best": {"epoch": 29, "cmAP": 0.9113817232561294, "_timestamp": 1683130564, "_runtime": 4731}, "table": {"_type": "table-file", "sha256": "727ea28782952fa5eb40c6224dc3bba71c3b02213cb1f0ac0a3f8947055a91bc", "size": 41812, "artifact_path": "wandb-client-artifact://19wtxqqn246jnimvtx6mdt8osdnxc8cjxipbeb0lj243i8sawqvawxepussz1ebpt3e0i5d4szhrnjvprm72r1y0wqtv5ng6p1xnjt6crun81p4a4s5vbl5zkptt0ebk:latest/table.table.json", "_latest_artifact_path": "wandb-client-artifact://19wtxqqn246jnimvtx6mdt8osdnxc8cjxipbeb0lj243i8sawqvawxepussz1ebpt3e0i5d4szhrnjvprm72r1y0wqtv5ng6p1xnjt6crun81p4a4s5vbl5zkptt0ebk:latest/table.table.json", "path": "media/table/table_4652_727ea28782952fa5eb40.table.json", "ncols": 6, "nrows": 636}, "_wandb": {"runtime": 4761}}