{"num_train": 19624, "num_valid": 3380, "_timestamp": 1681704119, "_runtime": 9876, "_step": 12322, "loss": 1.7808191776275635, "train_loss": 1.5295231897590216, "lr": 6.395177052675794e-05, "epoch": 40, "valid_loss": 0.9556926775861669, "valid_padded_cmAP": 0.8990058260225949, "cmAP": 0.8990058260225949, "best": {"epoch": 40, "cmAP": 0.8990058260225949, "_timestamp": 1681704085, "_runtime": 9842}, "table": {"_type": "table-file", "sha256": "465d0d3eeffe2560e8d45c2d070aae001f2ea8793ae4ab43979f7aa9b186802a", "size": 44315, "artifact_path": "wandb-client-artifact://9leja6b429nwjdf6113bvz65hje64jeyyyfg1x00esp3x4021osjy9jedzirrnujrann0ytztke7ao55ifn2k0iooxieyysg70t4jrija30o6vkjmyt4sk44zih8jozj:latest/table.table.json", "_latest_artifact_path": "wandb-client-artifact://9leja6b429nwjdf6113bvz65hje64jeyyyfg1x00esp3x4021osjy9jedzirrnujrann0ytztke7ao55ifn2k0iooxieyysg70t4jrija30o6vkjmyt4sk44zih8jozj:latest/table.table.json", "path": "media/table/table_12322_465d0d3eeffe2560e8d4.table.json", "ncols": 6, "nrows": 674}, "_wandb": {"runtime": 9876}}