{"num_train": 20211, "num_valid": 3381, "_timestamp": 1684852680, "_runtime": 7215, "_step": 6342, "loss": 2.09228777885437, "train_loss": 2.162762970109529, "lr": 2.8549663646838717e-05, "epoch": 13, "valid_loss": 1.5361773195090118, "valid_padded_cmAP": 0.8924282230058983, "primary_cmAP": 0.8931966691372707, "best": {"epoch": 13, "primary_cmAP": 0.8931966691372707, "_timestamp": 1684852637, "_runtime": 7172}, "table": {"_type": "table-file", "sha256": "7b75f26cc5ecebfde0f7dc95bdae7285a5cd90cce71b486f4c3a61c56c4ec610", "size": 44461, "artifact_path": "wandb-client-artifact://10v1ie68ut5ikhdcezt37ohv3dg5qx6i3772ufuoxuj08d0zjejj19mg29kh5dtpl8nl4vqj7plk1ks0m568umi1kopdmvzts17qfa8x1qioniapsp2owdcta3oqeulq:latest/table.table.json", "_latest_artifact_path": "wandb-client-artifact://10v1ie68ut5ikhdcezt37ohv3dg5qx6i3772ufuoxuj08d0zjejj19mg29kh5dtpl8nl4vqj7plk1ks0m568umi1kopdmvzts17qfa8x1qioniapsp2owdcta3oqeulq:latest/table.table.json", "path": "media/table/table_6342_7b75f26cc5ecebfde0f7.table.json", "ncols": 6, "nrows": 676}, "_wandb": {"runtime": 7213}}