{"num_train": 20215, "num_valid": 3381, "_timestamp": 1684830167, "_runtime": 6835, "_step": 6342, "loss": 1.3666398525238037, "train_loss": 2.142902553458757, "lr": 2.8549663646838717e-05, "epoch": 20, "valid_loss": 1.4325656294822693, "valid_padded_cmAP": 0.9025866695364576, "primary_cmAP": 0.9025866695364576, "best": {"epoch": 20, "primary_cmAP": 0.9025866695364576, "_timestamp": 1684830122, "_runtime": 6790}, "table": {"_type": "table-file", "sha256": "dffe33d61b7fdd84e6833f4dcd55e4f5991db3d9caeb4f67b261c9eeb452d929", "size": 43113, "artifact_path": "wandb-client-artifact://17swar6jx3he0xfn1nbkfspbwoj1vhhy4k0j1mtq4w98uuaz2uito0ut1s8tz2ss6zwms5dm6mb1ky732i23wn8w6exx9t3h8tmuzvu75d0fe38japk7wo77dv8539zs:latest/table.table.json", "_latest_artifact_path": "wandb-client-artifact://17swar6jx3he0xfn1nbkfspbwoj1vhhy4k0j1mtq4w98uuaz2uito0ut1s8tz2ss6zwms5dm6mb1ky732i23wn8w6exx9t3h8tmuzvu75d0fe38japk7wo77dv8539zs:latest/table.table.json", "path": "media/table/table_6342_dffe33d61b7fdd84e683.table.json", "ncols": 6, "nrows": 656}, "_wandb": {"runtime": 6837}}