{"num_train": 78407, "num_valid": 3216, "_timestamp": 1683029483, "_runtime": 30780, "_step": 5252, "loss": 3.313976526260376, "train_loss": 3.062978261835618, "lr": 0.0009757729755661011, "epoch": 8, "valid_loss": 1.3221396207809448, "valid_padded_cmAP": 0.9249871831730003}