{"num_train": 19627, "num_valid": 3381, "_timestamp": 1683203688, "_runtime": 5749, "_step": 4652, "loss": 0.002048848895356059, "train_loss": 0.0022969877607394735, "lr": 0.00010453658778440107, "epoch": 30, "valid_loss": 0.002618726082059934, "valid_padded_cmAP": 0.767286658096985, "primary_cmAP": 0.8166975622133197, "best": {"epoch": 30, "primary_cmAP": 0.8166975622133197, "_timestamp": 1683203623, "_runtime": 5684}, "table": {"_type": "table-file", "sha256": "71adb253a9633a76c5b7a40ca22aeb1b104d40c9c38f0a354612a20837fd9a6f", "size": 73701, "artifact_path": "wandb-client-artifact://xv9oh155y8v16mey9ww7corpqr4vd8jd25e0hnbjcoit4vsjumgshpt4naynnapnkk8tj0wqg188yaxgd3pbdv0s4t55584egwdlyvsb4a1rqaippd6zrpqtoqhc7arj:latest/table.table.json", "_latest_artifact_path": "wandb-client-artifact://xv9oh155y8v16mey9ww7corpqr4vd8jd25e0hnbjcoit4vsjumgshpt4naynnapnkk8tj0wqg188yaxgd3pbdv0s4t55584egwdlyvsb4a1rqaippd6zrpqtoqhc7arj:latest/table.table.json", "path": "media/table/table_4652_71adb253a9633a76c5b7.table.json", "ncols": 6, "nrows": 1124}, "_wandb": {"runtime": 5752}}