{"num_train": 19629, "num_valid": 3382, "_timestamp": 1683748294, "_runtime": 9538, "_step": 4652, "loss": 3.9004950523376465, "train_loss": 3.5310595809639276, "lr": 0.00010453658778440107, "epoch": 26, "valid_loss": 5.283107834691341, "valid_padded_cmAP": 0.90214086622031, "cmAP": 0.903532285573889, "best": {"epoch": 26, "cmAP": 0.903532285573889, "_timestamp": 1683748251, "_runtime": 9495}, "table": {"_type": "table-file", "sha256": "5d94b26d08b98fb2d01bbabf8ed9eba071987b0b1bc603829d02fa78d5a956c5", "size": 56328, "artifact_path": "wandb-client-artifact://15klgz59bdeyf2tlqgwtpzqkkidyenewbf4dw13g5qik26ldxgyci8hk4tno9jcbmxjqxp5z1vkmplzsgtfl6sj549haeofspmnejy6h0s5larlnybuhxxwjgpjf429w:latest/table.table.json", "_latest_artifact_path": "wandb-client-artifact://15klgz59bdeyf2tlqgwtpzqkkidyenewbf4dw13g5qik26ldxgyci8hk4tno9jcbmxjqxp5z1vkmplzsgtfl6sj549haeofspmnejy6h0s5larlnybuhxxwjgpjf429w:latest/table.table.json", "path": "media/table/table_4652_5d94b26d08b98fb2d01b.table.json", "ncols": 6, "nrows": 860}, "_wandb": {"runtime": 9547}}