{"num_train": 19627, "num_valid": 3381, "_timestamp": 1681646611, "_runtime": 5014, "_step": 4652, "loss": 0.002576577477157116, "train_loss": 0.002301021293108049, "lr": 0.00010453658778440107, "epoch": 30, "valid_loss": 0.001911620402501689, "valid_padded_cmAP": 0.805402196072437, "cmAP": 0.8050672636783694, "best": {"epoch": 30, "cmAP": 0.8050672636783694, "_timestamp": 1681646540, "_runtime": 4943}, "table": {"_type": "table-file", "sha256": "17acd1588c174ee81a06718f48392be94b95da816fcb8a81d1af9610b3ba9c28", "size": 82210, "artifact_path": "wandb-client-artifact://dlhusg5lnkwx2fy8kfeyj9yi3mfgp1spxsj8f9crpsi6cjvz7gv20c86paf0ab1yay7l9d9rwouijauyb9i4rzfevszmlfhz9ba209bfxetg12g1r1nk4cvt6xhs88sy:latest/table.table.json", "_latest_artifact_path": "wandb-client-artifact://dlhusg5lnkwx2fy8kfeyj9yi3mfgp1spxsj8f9crpsi6cjvz7gv20c86paf0ab1yay7l9d9rwouijauyb9i4rzfevszmlfhz9ba209bfxetg12g1r1nk4cvt6xhs88sy:latest/table.table.json", "path": "media/table/table_4652_17acd1588c174ee81a06.table.json", "ncols": 6, "nrows": 1253}, "_wandb": {"runtime": 5023}}