{"num_train": 19623, "num_valid": 3381, "_timestamp": 1682963652, "_runtime": 4562, "_step": 4652, "loss": 0.003827050095424056, "train_loss": 0.0037406280836356537, "lr": 1.859423525312737e-05, "epoch": 2, "valid_loss": 0.004897482210287341, "valid_padded_cmAP": 0.4803606040004268, "cmAP": 0.4811662513206782, "best": {"epoch": 2, "cmAP": 0.4811662513206782, "_timestamp": 1682963461, "_runtime": 4371}, "table": {"_type": "table-file", "sha256": "f28980adee3398245143810fb82cfcbac8f659a1e929a92166b9fb3adfdecd1a", "size": 213499, "artifact_path": "wandb-client-artifact://k38sqsbp5sqra3hsgpkir7b7e7ca6zj0c3fd17vm6f6d48nq6ekqjlhdsmt0v43yjpyz9x5nx3lj64hilr1x7p0ack8q7iem1chj0tt37yuqclo9ugom8r929u59hlll:latest/table.table.json", "_latest_artifact_path": "wandb-client-artifact://k38sqsbp5sqra3hsgpkir7b7e7ca6zj0c3fd17vm6f6d48nq6ekqjlhdsmt0v43yjpyz9x5nx3lj64hilr1x7p0ack8q7iem1chj0tt37yuqclo9ugom8r929u59hlll:latest/table.table.json", "path": "media/table/table_4652_f28980adee3398245143.table.json", "ncols": 6, "nrows": 3281}, "_wandb": {"runtime": 4634}}