{"num_train": 19629, "num_valid": 3382, "_timestamp": 1683205416, "_runtime": 1666, "_step": 1394, "loss": 0.004495230037719011, "train_loss": 0.004934719264773386, "lr": 0.0009891830623632338, "epoch": 8, "valid_loss": 0.005065653205814737, "valid_padded_cmAP": 0.49668944749276356}