{"num_train": 19627, "num_valid": 3381, "_timestamp": 1684115209, "_runtime": 10861, "_step": 7752, "loss": 0.0009917912539094687, "train_loss": 0.0007836261976588905, "lr": 4.4760639485315584e-05, "epoch": 23, "valid_loss": 0.0020383314824559623, "valid_padded_cmAP": 0.8904600494454499, "cmAP": 0.8908066686250344, "best": {"epoch": 23, "cmAP": 0.8908066686250344, "_timestamp": 1684115170, "_runtime": 10822}, "table": {"_type": "table-file", "sha256": "409d0aca8af1d2b137f361d876d2832772f274d547d31e469599497d9e5e3c02", "size": 45117, "artifact_path": "wandb-client-artifact://fxd6s78ptdy7f4ru00re7n7q3arpjdtlh4hvqrshxqzcjqtdie2sf8nibfhbinrwbz2hg559d2w500jlq22awpoe9kcinre5n31hzkpkun2nbu9gvajhssahxtebkt16:latest/table.table.json", "_latest_artifact_path": "wandb-client-artifact://fxd6s78ptdy7f4ru00re7n7q3arpjdtlh4hvqrshxqzcjqtdie2sf8nibfhbinrwbz2hg559d2w500jlq22awpoe9kcinre5n31hzkpkun2nbu9gvajhssahxtebkt16:latest/table.table.json", "path": "media/table/table_7752_409d0aca8af1d2b137f3.table.json", "ncols": 6, "nrows": 686}, "_wandb": {"runtime": 10863}}