{"num_train": 19629, "num_valid": 3382, "_timestamp": 1683832256, "_runtime": 9758, "_step": 4652, "loss": 3.7891411781311035, "train_loss": 3.4171806960910946, "lr": 0.00010453658778440107, "epoch": 21, "valid_loss": 5.219040592628989, "valid_padded_cmAP": 0.9337271284935682, "cmAP": 0.9343372431995264, "best": {"epoch": 21, "cmAP": 0.9343372431995264, "_timestamp": 1683832220, "_runtime": 9722}, "table": {"_type": "table-file", "sha256": "0c9db5f6fa65f4a627be7e2cfcd9a124d50c909fa6c402c068efd6e98f5ca4b4", "size": 46190, "artifact_path": "wandb-client-artifact://n3h3dabe4l47dglbd210w4vf7u4gl67447k6epslv7lajx93oa6ubj1g6ydhgnvq7ljfp1lrwmx4uvrrl5tgx8kutd5myd923292k1yg2mwx908cejcnzdtxsdrvk85m:latest/table.table.json", "_latest_artifact_path": "wandb-client-artifact://n3h3dabe4l47dglbd210w4vf7u4gl67447k6epslv7lajx93oa6ubj1g6ydhgnvq7ljfp1lrwmx4uvrrl5tgx8kutd5myd923292k1yg2mwx908cejcnzdtxsdrvk85m:latest/table.table.json", "path": "media/table/table_4652_0c9db5f6fa65f4a627be.table.json", "ncols": 6, "nrows": 705}, "_wandb": {"runtime": 9759}}