{"num_train": 19624, "num_valid": 3380, "_timestamp": 1683776636, "_runtime": 9499, "_step": 4652, "loss": 3.8010528087615967, "train_loss": 3.5244691480289805, "lr": 0.00010453658778440107, "epoch": 28, "valid_loss": 5.275499175850456, "valid_padded_cmAP": 0.9038780693227673, "cmAP": 0.9039145998115962, "best": {"epoch": 28, "cmAP": 0.9039145998115962, "_timestamp": 1683776597, "_runtime": 9460}, "table": {"_type": "table-file", "sha256": "9b44d5738f806f82cc2baa2d7dd2c421b28c7c9f27e8582d236ef0d5f5cebad3", "size": 57236, "artifact_path": "wandb-client-artifact://br8pqaikuefjuunc6f49a4qh1yb2orc7lulyeiylu9y7v0jvkh46vawlsih11k1uyczxv87kp5iqu0tf5gazwc4dut6gzzxih9v7lq0yjq417ys9g8xmo1bk6e35gsbc:latest/table.table.json", "_latest_artifact_path": "wandb-client-artifact://br8pqaikuefjuunc6f49a4qh1yb2orc7lulyeiylu9y7v0jvkh46vawlsih11k1uyczxv87kp5iqu0tf5gazwc4dut6gzzxih9v7lq0yjq417ys9g8xmo1bk6e35gsbc:latest/table.table.json", "path": "media/table/table_4652_9b44d5738f806f82cc2b.table.json", "ncols": 6, "nrows": 874}, "_wandb": {"runtime": 9507}}