{"num_train": 20217, "num_valid": 3381, "_timestamp": 1684560420, "_runtime": 16503, "_step": 14232, "loss": 2.1921324729919434, "train_loss": 1.9428669251973116, "lr": 0.0001441605294264014, "epoch": 44, "valid_loss": 1.786517361799876, "valid_padded_cmAP": 0.8900946530564786}