{"num_train": 20217, "num_valid": 3382, "_timestamp": 1684767761, "_runtime": 25128, "_step": 15852, "loss": 1.7278943061828613, "train_loss": 1.7635009447230567, "lr": 4.4760639485315584e-05, "epoch": 50, "valid_loss": 1.8054112769939281, "valid_padded_cmAP": 0.8962242839290543, "primary_cmAP": 0.8962242839290543, "best": {"epoch": 50, "primary_cmAP": 0.8962242839290543, "_timestamp": 1684767705, "_runtime": 25072}, "table": {"_type": "table-file", "sha256": "d98b9e9e2751ee907fe4f588e8e831695f73f026a34e13288bc2084b66263c06", "size": 45984, "artifact_path": "wandb-client-artifact://tyj2zmhc16xfueshbrhbj08p7ophu6fam7lpqprc18dafhbsyu5oevu46mnx7jeitjol4nnn0h52unys7iywrgt30ocvksxwdh9y54k5n0nnme3i0boa4l5jqhg6s3g3:latest/table.table.json", "_latest_artifact_path": "wandb-client-artifact://tyj2zmhc16xfueshbrhbj08p7ophu6fam7lpqprc18dafhbsyu5oevu46mnx7jeitjol4nnn0h52unys7iywrgt30ocvksxwdh9y54k5n0nnme3i0boa4l5jqhg6s3g3:latest/table.table.json", "path": "media/table/table_15852_d98b9e9e2751ee907fe4.table.json", "ncols": 6, "nrows": 700}, "_wandb": {"runtime": 25127}}