{"num_train": 20215, "num_valid": 3381, "_timestamp": 1684606307, "_runtime": 6680, "_step": 6342, "loss": 0.14820243418216705, "train_loss": 0.14994416864518123, "lr": 2.8549663646838717e-05, "epoch": 20, "valid_loss": 0.07988346616427104, "valid_padded_cmAP": 0.9008316868886749, "primary_cmAP": 0.9008316868886749, "best": {"epoch": 20, "primary_cmAP": 0.9008316868886749, "_timestamp": 1684606263, "_runtime": 6636}, "table": {"_type": "table-file", "sha256": "bb725f36fc6c72f6e79b36bd98f1572537c0f0fa252d94931999e3548dc3cb72", "size": 45346, "artifact_path": "wandb-client-artifact://a1xww2xnhumve8diu7rvm2egeuf1wlnz5awd294fyca58ic1d2fy15mgdmqb5s1vy2zgfg7awz7r8z9r4i06f8c6dpoz15kgye33ijfd4xfoxia52gwm5uch2zpr9bts:latest/table.table.json", "_latest_artifact_path": "wandb-client-artifact://a1xww2xnhumve8diu7rvm2egeuf1wlnz5awd294fyca58ic1d2fy15mgdmqb5s1vy2zgfg7awz7r8z9r4i06f8c6dpoz15kgye33ijfd4xfoxia52gwm5uch2zpr9bts:latest/table.table.json", "path": "media/table/table_6342_bb725f36fc6c72f6e79b.table.json", "ncols": 6, "nrows": 689}, "_wandb": {"runtime": 6683}}