{"num_train": 19627, "num_valid": 3381, "_timestamp": 1684177057, "_runtime": 14528, "_step": 15402, "loss": 1.2631418704986572, "train_loss": 1.3841059883565001, "lr": 4.4760639485315584e-05, "epoch": 50, "valid_loss": 1.5781019076153084, "valid_padded_cmAP": 0.8984392417092841, "primary_cmAP": 0.8984392417092841, "best": {"epoch": 50, "primary_cmAP": 0.8984392417092841, "_timestamp": 1684177016, "_runtime": 14487}, "table": {"_type": "table-file", "sha256": "7157f2bddf13b83296751751569430f4b931a1d2063be97c12cf1a1304552293", "size": 43317, "artifact_path": "wandb-client-artifact://13mwkivkckrzp3alvv3u447c5nufrmxju4fljxuabtfl7cavtnsac9h4dkv0e51p2tv7m5xat0z0nxgvnnftoqbl1ihx1w7eal5bk2t5byxa1fz2993jqc9914thhi09:latest/table.table.json", "_latest_artifact_path": "wandb-client-artifact://13mwkivkckrzp3alvv3u447c5nufrmxju4fljxuabtfl7cavtnsac9h4dkv0e51p2tv7m5xat0z0nxgvnnftoqbl1ihx1w7eal5bk2t5byxa1fz2993jqc9914thhi09:latest/table.table.json", "path": "media/table/table_15402_7157f2bddf13b8329675.table.json", "ncols": 6, "nrows": 659}, "_wandb": {"runtime": 14530}}