{"num_train": 19624, "num_valid": 3380, "_timestamp": 1680884702, "_runtime": 4803, "_step": 4652, "loss": 2.5446293354034424, "train_loss": 2.418612519641975, "lr": 0.00010453658778440107, "epoch": 30, "valid_loss": 4.809920734829372, "valid_padded_cmAP": 0.8916320647151066, "cmAP": 0.8916320647151066, "best": {"epoch": 30, "cmAP": 0.8916320647151066, "_timestamp": 1680884666, "_runtime": 4767}, "table": {"_type": "table-file", "sha256": "c10f87596ec4d7c01ef1339529ad0e0805242d5048d3e17e875057ae0b59eaf4", "size": 46204, "artifact_path": "wandb-client-artifact://14zqqzm4j31b4mflagmbwiujae126bz7268gzn4y7jnfbzcnkw6q7qvkwaleyo9urrld6qrokpdszl1pkcrpoq9n9814dqy132dfmqj1os3sp2yfa89aea0gwacsshrm:latest/table.table.json", "_latest_artifact_path": "wandb-client-artifact://14zqqzm4j31b4mflagmbwiujae126bz7268gzn4y7jnfbzcnkw6q7qvkwaleyo9urrld6qrokpdszl1pkcrpoq9n9814dqy132dfmqj1os3sp2yfa89aea0gwacsshrm:latest/table.table.json", "path": "media/table/table_4652_c10f87596ec4d7c01ef1.table.json", "ncols": 6, "nrows": 703}, "_wandb": {"runtime": 4808}}