{"num_train": 19624, "num_valid": 3380, "_timestamp": 1680851572, "_runtime": 4735, "_step": 4652, "loss": 1.4109793901443481, "train_loss": 1.4354577521225074, "lr": 0.00010453658778440107, "epoch": 30, "valid_loss": 0.999407015464924, "valid_padded_cmAP": 0.8921826232945546, "cmAP": 0.8921826232945546, "best": {"epoch": 30, "cmAP": 0.8921826232945546, "_timestamp": 1680851538, "_runtime": 4701}, "table": {"_type": "table-file", "sha256": "d206e941fcf93ac6aacc136fa2ff3198790eff671c724d053af8e8bedc7888d1", "size": 46535, "artifact_path": "wandb-client-artifact://4khmvqdha8y6nstn0oqmlzuek4fxkejk386qnzj3w5alz4qkegf6g8o0uzy3e9olhs5jzahst4u7oi4z33pet18g2ondjd1rmo7244v4ontnjxb351k6ze26w5pna4q5:latest/table.table.json", "_latest_artifact_path": "wandb-client-artifact://4khmvqdha8y6nstn0oqmlzuek4fxkejk386qnzj3w5alz4qkegf6g8o0uzy3e9olhs5jzahst4u7oi4z33pet18g2ondjd1rmo7244v4ontnjxb351k6ze26w5pna4q5:latest/table.table.json", "path": "media/table/table_4652_d206e941fcf93ac6aacc.table.json", "ncols": 6, "nrows": 708}, "_wandb": {"runtime": 4736}}