{"num_train": 19627, "num_valid": 3381, "_timestamp": 1683308503, "_runtime": 4266, "_step": 4652, "loss": 0.0022681632544845343, "train_loss": 0.0024639774301367535, "lr": 0.00010453658778440107, "epoch": 30, "valid_loss": 0.0027257685109765995, "valid_padded_cmAP": 0.7712057523283051, "primary_cmAP": 0.8227843498341517, "best": {"epoch": 30, "primary_cmAP": 0.8227843498341517, "_timestamp": 1683308439, "_runtime": 4202}, "table": {"_type": "table-file", "sha256": "ea12087167d9af49e1b7294328f168ef5a8958da580e89ee66c3c42616723516", "size": 71171, "artifact_path": "wandb-client-artifact://3anxiw35p2gdhm9dvkme881v2tpa7mcxy88m82qi7wabad7g3l4x649aqxhg12u4vmc1i19zb5oo2xkjs035vro2qbd24rhib90hpd4q3zgn3puc0ajz6dut6uo4uy99:latest/table.table.json", "_latest_artifact_path": "wandb-client-artifact://3anxiw35p2gdhm9dvkme881v2tpa7mcxy88m82qi7wabad7g3l4x649aqxhg12u4vmc1i19zb5oo2xkjs035vro2qbd24rhib90hpd4q3zgn3puc0ajz6dut6uo4uy99:latest/table.table.json", "path": "media/table/table_4652_ea12087167d9af49e1b7.table.json", "ncols": 6, "nrows": 1084}, "_wandb": {"runtime": 4281}}