{"num_train": 20217, "num_valid": 3382, "_timestamp": 1684612923, "_runtime": 6572, "_step": 6342, "loss": 0.20305337011814117, "train_loss": 0.15220245464315899, "lr": 2.8549663646838717e-05, "epoch": 17, "valid_loss": 0.08518000778362707, "valid_padded_cmAP": 0.9002853637512251, "primary_cmAP": 0.9019330403245728, "best": {"epoch": 17, "primary_cmAP": 0.9019330403245728, "_timestamp": 1684612871, "_runtime": 6520}, "table": {"_type": "table-file", "sha256": "dd2068a01844d7bec2085c04c7e95140fe6ebac5bf253b9326b525932642e23a", "size": 48966, "artifact_path": "wandb-client-artifact://gnay1blxq9hc7it7nq75kd5p6zvri4gwlgpj5lenrny6xdt7xxra9jjjlqm17efa98cofsluo2chvy8nnsyubisba125y8iszklkzidxdurscqr41jry8spqlhhqnga9:latest/table.table.json", "_latest_artifact_path": "wandb-client-artifact://gnay1blxq9hc7it7nq75kd5p6zvri4gwlgpj5lenrny6xdt7xxra9jjjlqm17efa98cofsluo2chvy8nnsyubisba125y8iszklkzidxdurscqr41jry8spqlhhqnga9:latest/table.table.json", "path": "media/table/table_6342_dd2068a01844d7bec208.table.json", "ncols": 6, "nrows": 745}, "_wandb": {"runtime": 6571}}