{"num_train": 20211, "num_valid": 3381, "_timestamp": 1684798139, "_runtime": 10440, "_step": 7343, "loss": 2.2922182083129883, "train_loss": 2.489296417447585, "lr": 0.000743468068680349, "epoch": 23, "valid_loss": 1.8136973270663508, "valid_padded_cmAP": 0.8659192402794474}