{"num_train": 19627, "num_valid": 3381, "_timestamp": 1684076494, "_runtime": 5123, "_step": 3712, "loss": 0.0008807042613625526, "train_loss": 0.0010693859178179802, "lr": 0.000743468068680349, "epoch": 23, "valid_loss": 0.0017621724637811658, "valid_padded_cmAP": 0.8902265543115164}