{"num_train": 19629, "num_valid": 3382, "_timestamp": 1683424594, "_runtime": 11818, "_step": 2904, "loss": 0.0019317485857754946, "train_loss": 0.0022978632326854705, "lr": 0.000657963412215599, "epoch": 18, "valid_loss": 0.001918788369814003, "valid_padded_cmAP": 0.8295509695305673}