{"num_train": 19624, "num_valid": 3380, "_timestamp": 1684240146, "_runtime": 15978, "_step": 15402, "loss": 1.8915475606918335, "train_loss": 1.3794222208110052, "lr": 4.4760639485315584e-05, "epoch": 50, "valid_loss": 1.6158417794439528, "valid_padded_cmAP": 0.8933598930424326, "primary_cmAP": 0.8933598930424326, "best": {"epoch": 50, "primary_cmAP": 0.8933598930424326, "_timestamp": 1684240110, "_runtime": 15942}, "table": {"_type": "table-file", "sha256": "405faf9193fbb4b1df0b153c3627fa767ecf6993e88e44484f8b58d934045692", "size": 42533, "artifact_path": "wandb-client-artifact://hqj2ohh5t5o82tddoyx87rrllhzldkc116gs05qfbtmh9qcrjxfzmvmxrd1kbwriga9qjjqrb3gamt2yxe0h2rlrri3oqrhj5931qvn6ydfsb32yb10mxyitazkk58ts:latest/table.table.json", "_latest_artifact_path": "wandb-client-artifact://hqj2ohh5t5o82tddoyx87rrllhzldkc116gs05qfbtmh9qcrjxfzmvmxrd1kbwriga9qjjqrb3gamt2yxe0h2rlrri3oqrhj5931qvn6ydfsb32yb10mxyitazkk58ts:latest/table.table.json", "path": "media/table/table_15402_405faf9193fbb4b1df0b.table.json", "ncols": 6, "nrows": 647}, "_wandb": {"runtime": 15980}}