{"num_train": 20217, "num_valid": 3381, "_timestamp": 1684619644, "_runtime": 6683, "_step": 6342, "loss": 0.14186976850032806, "train_loss": 0.1545947316939695, "lr": 2.8549663646838717e-05, "epoch": 17, "valid_loss": 0.09148931917217043, "valid_padded_cmAP": 0.8928198640665506, "primary_cmAP": 0.893474437003797, "best": {"epoch": 17, "primary_cmAP": 0.893474437003797, "_timestamp": 1684619599, "_runtime": 6638}, "table": {"_type": "table-file", "sha256": "bddcc9abf9e1b6c2215f98d8009fde398c99a0d5bd75592abf671ab3229fb8e6", "size": 45768, "artifact_path": "wandb-client-artifact://xka533zg5c7t39chq7hvnomybwqhkdy4nmp2qesc6bs2gr97uy74ly7oyum2ny8vmhyqn5ojuja0dizhxdzu996h1z6m4mkozaoh6yf3y5c6pg0xqe5mpphq7dkvz2ef:latest/table.table.json", "_latest_artifact_path": "wandb-client-artifact://xka533zg5c7t39chq7hvnomybwqhkdy4nmp2qesc6bs2gr97uy74ly7oyum2ny8vmhyqn5ojuja0dizhxdzu996h1z6m4mkozaoh6yf3y5c6pg0xqe5mpphq7dkvz2ef:latest/table.table.json", "path": "media/table/table_6342_bddcc9abf9e1b6c2215f.table.json", "ncols": 6, "nrows": 696}, "_wandb": {"runtime": 6681}}