{"num_train": 19629, "num_valid": 3382, "_timestamp": 1683124779, "_runtime": 4167, "_step": 3752, "loss": 1.2188011407852173, "train_loss": 1.1549106112548284, "lr": 0.0003520365877844011, "epoch": 24, "valid_loss": 0.9205876423252953, "valid_padded_cmAP": 0.9121564743350117}