{"num_train": 19629, "num_valid": 3381, "_timestamp": 1681772303, "_runtime": 9314, "_step": 12322, "loss": 1.89605712890625, "train_loss": 1.7308856272153823, "lr": 6.395177052675794e-05, "epoch": 40, "valid_loss": 1.0630873485847756, "valid_padded_cmAP": 0.8931891227557731, "cmAP": 0.8931891227557731, "best": {"epoch": 40, "cmAP": 0.8931891227557731, "_timestamp": 1681772265, "_runtime": 9276}, "table": {"_type": "table-file", "sha256": "b10ee8952497375635cf313666e6b45880eb7e020ba1ec82769198330ac34cc9", "size": 48182, "artifact_path": "wandb-client-artifact://cbix9aod7x3m5bfmqnxxby3cboao97dbnxw76hu4dujv2b552l33puv1sy0290z2pugh9ddf183k3j1vsufu4mkjptv93bq8nciefyw3f1q760bjy5zmhrklttnonzil:latest/table.table.json", "_latest_artifact_path": "wandb-client-artifact://cbix9aod7x3m5bfmqnxxby3cboao97dbnxw76hu4dujv2b552l33puv1sy0290z2pugh9ddf183k3j1vsufu4mkjptv93bq8nciefyw3f1q760bjy5zmhrklttnonzil:latest/table.table.json", "path": "media/table/table_12322_b10ee8952497375635cf.table.json", "ncols": 6, "nrows": 734}, "_wandb": {"runtime": 9315}}