{"num_train": 20215, "num_valid": 3381, "_timestamp": 1684525546, "_runtime": 21221, "_step": 15852, "loss": 2.118924379348755, "train_loss": 1.8521194974832897, "lr": 4.4760639485315584e-05, "epoch": 49, "valid_loss": 1.6294410736472518, "valid_padded_cmAP": 0.9028897301331383, "primary_cmAP": 0.9032396771879769, "best": {"epoch": 49, "primary_cmAP": 0.9032396771879769, "_timestamp": 1684525500, "_runtime": 21175}, "table": {"_type": "table-file", "sha256": "8d550a574b9b0903b6bdd48dd2035d4e4163701d414a7ef7cb59dc6a41365c4b", "size": 43973, "artifact_path": "wandb-client-artifact://14rt43f29xss22htp7ril4i750xehuoa9vqu1e8viiqweq1qekw05gi09g68gjyxqjbuhfufkw7d4d0wsseqqofd9s59nepuztz3sgbh0jtffjd2z9a9pm4ygljov1yx:latest/table.table.json", "_latest_artifact_path": "wandb-client-artifact://14rt43f29xss22htp7ril4i750xehuoa9vqu1e8viiqweq1qekw05gi09g68gjyxqjbuhfufkw7d4d0wsseqqofd9s59nepuztz3sgbh0jtffjd2z9a9pm4ygljov1yx:latest/table.table.json", "path": "media/table/table_15852_8d550a574b9b0903b6bd.table.json", "ncols": 6, "nrows": 669}, "_wandb": {"runtime": 21223}}