{"num_train": 19627, "num_valid": 3381, "_timestamp": 1683224078, "_runtime": 4843, "_step": 4652, "loss": 0.0019579913932830095, "train_loss": 0.0021159593182216796, "lr": 0.00010453658778440107, "epoch": 30, "valid_loss": 0.0024113125185033788, "valid_padded_cmAP": 0.812081489022987, "primary_cmAP": 0.866753572172357, "best": {"epoch": 30, "primary_cmAP": 0.866753572172357, "_timestamp": 1683224031, "_runtime": 4796}, "table": {"_type": "table-file", "sha256": "98531d05e7f1737a0843c3d3d24ad2d75e0db1ffa3236dda01d44ca7438a9eb6", "size": 52677, "artifact_path": "wandb-client-artifact://3mfypfqrbx2rmelq7ws6qbr34p7dlhgrmj5zd6vra8u53wr6tfg2lzn7dheqz1ji91w55avyjatgovd2ezgo6j045w6pop8vcg8qmrytc4wecjvs69nbloo1vl21jwdc:latest/table.table.json", "_latest_artifact_path": "wandb-client-artifact://3mfypfqrbx2rmelq7ws6qbr34p7dlhgrmj5zd6vra8u53wr6tfg2lzn7dheqz1ji91w55avyjatgovd2ezgo6j045w6pop8vcg8qmrytc4wecjvs69nbloo1vl21jwdc:latest/table.table.json", "path": "media/table/table_4652_98531d05e7f1737a0843.table.json", "ncols": 6, "nrows": 801}, "_wandb": {"runtime": 4843}}