{"num_train": 19624, "num_valid": 3380, "_timestamp": 1682968427, "_runtime": 4573, "_step": 4652, "loss": 0.0037847745697945356, "train_loss": 0.0037301064592894988, "lr": 1.859423525312737e-05, "epoch": 24, "valid_loss": 0.004978428612014762, "valid_padded_cmAP": 0.47971916555153854, "cmAP": 0.4797743662475384, "best": {"epoch": 24, "cmAP": 0.4797743662475384, "_timestamp": 1682968232, "_runtime": 4378}, "table": {"_type": "table-file", "sha256": "9d5dca89d1481abd3c0876e6fdcb177633de6dc1a3e9f8be77dba395dfde769f", "size": 210382, "artifact_path": "wandb-client-artifact://5kenz1ypl4g2p6tm7j4rchwqxkykxy6s6arvqkp73e6gcx910hcpbr1zyftbbj9r74094c5m6l6oqfzv4qcbgwojxemspysjn9ty9qbp86cyj5npfler5ax69t57mxjo:latest/table.table.json", "_latest_artifact_path": "wandb-client-artifact://5kenz1ypl4g2p6tm7j4rchwqxkykxy6s6arvqkp73e6gcx910hcpbr1zyftbbj9r74094c5m6l6oqfzv4qcbgwojxemspysjn9ty9qbp86cyj5npfler5ax69t57mxjo:latest/table.table.json", "path": "media/table/table_4652_9d5dca89d1481abd3c08.table.json", "ncols": 6, "nrows": 3281}, "_wandb": {"runtime": 4645}}