{"num_train": 20215, "num_valid": 3381, "_timestamp": 1684497553, "_runtime": 5816, "_step": 5097, "loss": 0.20315055549144745, "train_loss": 0.21317167155727557, "lr": 0.000905463412215599, "epoch": 16, "valid_loss": 0.2409166290804192, "valid_padded_cmAP": 0.860839688676716}