{"num_train": 19629, "num_valid": 3382, "_timestamp": 1683312783, "_runtime": 4216, "_step": 4652, "loss": 0.003002108307555318, "train_loss": 0.0025214726111379925, "lr": 0.00010453658778440107, "epoch": 30, "valid_loss": 0.0027218302280676587, "valid_padded_cmAP": 0.7764289537917891, "primary_cmAP": 0.8266773493032636, "best": {"epoch": 30, "primary_cmAP": 0.8266773493032636, "_timestamp": 1683312713, "_runtime": 4146}, "table": {"_type": "table-file", "sha256": "bd2808feed0a2d331200dd380271c3f849451c79ec1cdc727db939e8ecd1a2a6", "size": 71668, "artifact_path": "wandb-client-artifact://xthg3lj8y6hkx2uighmwjk8b8jvkjoiryzy62zapt9ugogovsmb5wngc01p1uo63hv5zu7ktdfpr4zqs0vsp4z563r7s8kr54k4k28apgetplpxjkpulyelbgu7d3q7u:latest/table.table.json", "_latest_artifact_path": "wandb-client-artifact://xthg3lj8y6hkx2uighmwjk8b8jvkjoiryzy62zapt9ugogovsmb5wngc01p1uo63hv5zu7ktdfpr4zqs0vsp4z563r7s8kr54k4k28apgetplpxjkpulyelbgu7d3q7u:latest/table.table.json", "path": "media/table/table_4652_bd2808feed0a2d331200.table.json", "ncols": 6, "nrows": 1092}, "_wandb": {"runtime": 4231}}