{"num_train": 19629, "num_valid": 3382, "_timestamp": 1683125784, "_runtime": 5172, "_step": 4652, "loss": 1.2923815250396729, "train_loss": 1.0987599972006563, "lr": 0.00010453658778440107, "epoch": 30, "valid_loss": 0.8930731973162404, "valid_padded_cmAP": 0.9129866760859509, "cmAP": 0.9129866760859509, "best": {"epoch": 30, "cmAP": 0.9129866760859509, "_timestamp": 1683125746, "_runtime": 5134}, "table": {"_type": "table-file", "sha256": "ad0020bd3b3282b0fbde9b2ff65709d30c2b94a25d4a0cb34625943e31049d86", "size": 41125, "artifact_path": "wandb-client-artifact://vm6sk3dqnvqj31l90cg6izyvu8sv2axnrhkff0ftp6f90f9fhm2imj2z7p2t9dwcox5b1rvj1sh44dmsuqnq5949wscj33h8w1excgwprj2cwmflmssm0ngp0eqjeolh:latest/table.table.json", "_latest_artifact_path": "wandb-client-artifact://vm6sk3dqnvqj31l90cg6izyvu8sv2axnrhkff0ftp6f90f9fhm2imj2z7p2t9dwcox5b1rvj1sh44dmsuqnq5949wscj33h8w1excgwprj2cwmflmssm0ngp0eqjeolh:latest/table.table.json", "path": "media/table/table_4652_ad0020bd3b3282b0fbde.table.json", "ncols": 6, "nrows": 626}, "_wandb": {"runtime": 5170}}