{"num_train": 19627, "num_valid": 3381, "_timestamp": 1684070826, "_runtime": 7527, "_step": 5286, "loss": 0.001041164854541421, "train_loss": 0.0008860825033338329, "lr": 0.0004122462492800663, "epoch": 34, "valid_loss": 0.0019358162362887352, "valid_padded_cmAP": 0.8881604938189179}