{"num_train": 19627, "num_valid": 3381, "_timestamp": 1683195340, "_runtime": 5619, "_step": 4652, "loss": 0.0014988704351708293, "train_loss": 0.0014514840811237016, "lr": 0.00010453658778440107, "epoch": 29, "valid_loss": 0.002616941167852255, "valid_padded_cmAP": 0.8214367607573673, "primary_cmAP": 0.8712962332465418, "best": {"epoch": 29, "primary_cmAP": 0.8712962332465418, "_timestamp": 1683195295, "_runtime": 5574}, "table": {"_type": "table-file", "sha256": "17d1dee36d2b0c0bc57e6934a2b77218b68dc3d42ef1018819edddc503d00b69", "size": 53639, "artifact_path": "wandb-client-artifact://bkt9toqrgd0ir97qre3mqepzr8m6r89pn0kie57cgr13vxzp0z6nkvzfqf98kzuz2sdwz1qmcsm35lc633sgda18ernukkmxs1d7dm6jca6grnqz26psl40jmxr0fmkr:latest/table.table.json", "_latest_artifact_path": "wandb-client-artifact://bkt9toqrgd0ir97qre3mqepzr8m6r89pn0kie57cgr13vxzp0z6nkvzfqf98kzuz2sdwz1qmcsm35lc633sgda18ernukkmxs1d7dm6jca6grnqz26psl40jmxr0fmkr:latest/table.table.json", "path": "media/table/table_4652_17d1dee36d2b0c0bc57e.table.json", "ncols": 6, "nrows": 816}, "_wandb": {"runtime": 5621}}