{"num_train": 19629, "num_valid": 3381, "_timestamp": 1684136766, "_runtime": 10729, "_step": 7752, "loss": 0.0007240367121994495, "train_loss": 0.0007806007165231972, "lr": 4.4760639485315584e-05, "epoch": 48, "valid_loss": 0.0023378218951014182, "valid_padded_cmAP": 0.8852368486699308, "cmAP": 0.8863800817666075, "best": {"epoch": 48, "cmAP": 0.8863800817666075, "_timestamp": 1684136724, "_runtime": 10687}, "table": {"_type": "table-file", "sha256": "de7b81ea85d0031892639af64e2fa4f7f3d0da862dfbaac1492c419df23e5d89", "size": 47900, "artifact_path": "wandb-client-artifact://4zle28958t1lr8pycgxd17ysfxwa7w4kplv7lult7qk2djoeg2n8pd3ryqewchzqvg1z0i6euv75w41m0elz7sxrbkpcl8hlizssx82s89rzi8qhkh1lq70h0o51bhx7:latest/table.table.json", "_latest_artifact_path": "wandb-client-artifact://4zle28958t1lr8pycgxd17ysfxwa7w4kplv7lult7qk2djoeg2n8pd3ryqewchzqvg1z0i6euv75w41m0elz7sxrbkpcl8hlizssx82s89rzi8qhkh1lq70h0o51bhx7:latest/table.table.json", "path": "media/table/table_7752_de7b81ea85d003189263.table.json", "ncols": 6, "nrows": 730}, "_wandb": {"runtime": 10733}}