{"num_train": 78407, "num_valid": 3216, "_timestamp": 1682810360, "_runtime": 21211, "_step": 15350, "loss": 0.0017744670622050762, "train_loss": 0.00176285186457352, "lr": 0.0001441605294264014, "epoch": 25, "valid_loss": 0.0024136515208878196, "valid_padded_cmAP": 0.5700346165053007}