{"num_train": 19629, "num_valid": 3382, "_timestamp": 1684191141, "_runtime": 14042, "_step": 15402, "loss": 1.811972975730896, "train_loss": 1.3869726125891124, "lr": 4.4760639485315584e-05, "epoch": 48, "valid_loss": 1.681381121829704, "valid_padded_cmAP": 0.895626099752856, "primary_cmAP": 0.8959035692011089, "best": {"epoch": 48, "primary_cmAP": 0.8959035692011089, "_timestamp": 1684191099, "_runtime": 14000}, "table": {"_type": "table-file", "sha256": "df45f00422aa16c18d3c7d6fb62caac8667f74187e1af7839bcd3321b1270eb7", "size": 44447, "artifact_path": "wandb-client-artifact://rwbcn5y2imlq9bqm6lmuocv5b4zz00t606uqetdpdep1hrzzq7u49c6i8hgg3ypwlhf8rip1j10t9su1hkkcah0w8eu79a5orxfbltyf5l1dpk9wrneo059o2jcbnr2u:latest/table.table.json", "_latest_artifact_path": "wandb-client-artifact://rwbcn5y2imlq9bqm6lmuocv5b4zz00t606uqetdpdep1hrzzq7u49c6i8hgg3ypwlhf8rip1j10t9su1hkkcah0w8eu79a5orxfbltyf5l1dpk9wrneo059o2jcbnr2u:latest/table.table.json", "path": "media/table/table_15402_df45f00422aa16c18d3c.table.json", "ncols": 6, "nrows": 677}, "_wandb": {"runtime": 14045}}