{"num_train": 19629, "num_valid": 3381, "_timestamp": 1683841923, "_runtime": 9633, "_step": 4652, "loss": 3.8056423664093018, "train_loss": 3.4563247909793606, "lr": 0.00010453658778440107, "epoch": 29, "valid_loss": 5.2184230332824475, "valid_padded_cmAP": 0.9370682455358053, "cmAP": 0.9379718297992142, "best": {"epoch": 29, "cmAP": 0.9379718297992142, "_timestamp": 1683841891, "_runtime": 9601}, "table": {"_type": "table-file", "sha256": "42230521f1b37cd59986836f4182af5a9b9924fecc9a9cc06a1eb0fd11b62692", "size": 46247, "artifact_path": "wandb-client-artifact://169c3wg0gt6o4i3byoxl3172yi35cugwtgovuwl49a8oo6gv2sfaforxuhsfbi2c6bb5z0mpoxs7l5lmq2lzj1sku1ti09wo5d5j96vt25gzl9udx1heryklxw6ou65i:latest/table.table.json", "_latest_artifact_path": "wandb-client-artifact://169c3wg0gt6o4i3byoxl3172yi35cugwtgovuwl49a8oo6gv2sfaforxuhsfbi2c6bb5z0mpoxs7l5lmq2lzj1sku1ti09wo5d5j96vt25gzl9udx1heryklxw6ou65i:latest/table.table.json", "path": "media/table/table_4652_42230521f1b37cd59986.table.json", "ncols": 6, "nrows": 705}, "_wandb": {"runtime": 9634}}