{"num_train": 19629, "num_valid": 3382, "_timestamp": 1684125999, "_runtime": 10758, "_step": 7752, "loss": 0.0008658748120069504, "train_loss": 0.0007863832329998591, "lr": 4.4760639485315584e-05, "epoch": 47, "valid_loss": 0.0021622426100765114, "valid_padded_cmAP": 0.8883091329063758, "cmAP": 0.8891227525183242, "best": {"epoch": 47, "cmAP": 0.8891227525183242, "_timestamp": 1684125955, "_runtime": 10714}, "table": {"_type": "table-file", "sha256": "4877f6d604fdfb0c5b93c0ea2e57e1a4f498b2e11d02eedd095de244b8622a56", "size": 47125, "artifact_path": "wandb-client-artifact://870fxzzxej5q0uhdh7ommyb7b13o0eg28w9dr07yik7n7kh3ys4cc9fxnwviepxet9igacp09izt1d9b6hww8vwtb78dn3ghqj9trx279q02gp2evm7nl2e07gbcguur:latest/table.table.json", "_latest_artifact_path": "wandb-client-artifact://870fxzzxej5q0uhdh7ommyb7b13o0eg28w9dr07yik7n7kh3ys4cc9fxnwviepxet9igacp09izt1d9b6hww8vwtb78dn3ghqj9trx279q02gp2evm7nl2e07gbcguur:latest/table.table.json", "path": "media/table/table_7752_4877f6d604fdfb0c5b93.table.json", "ncols": 6, "nrows": 718}, "_wandb": {"runtime": 10762}}