{"num_train": 19627, "num_valid": 3381, "_timestamp": 1681664554, "_runtime": 9973, "_step": 12322, "loss": 1.5121361017227173, "train_loss": 1.5398237227616947, "lr": 6.395177052675794e-05, "epoch": 40, "valid_loss": 0.9323128528065152, "valid_padded_cmAP": 0.9034235519170827, "cmAP": 0.9034235519170827, "best": {"epoch": 40, "cmAP": 0.9034235519170827, "_timestamp": 1681664519, "_runtime": 9938}, "table": {"_type": "table-file", "sha256": "c3e6b0ebb72c2568d34b355c7ebc1b1677fac17cb4f0629ee531180d6b58633f", "size": 44795, "artifact_path": "wandb-client-artifact://ysr19y408ixrh203bz51xkcks5gdcc8m6ei9p9wf2r78v7jogin8sa2y3x49sz67s92e0xe6t2meoyi2qxcylscxo4t5hdr20ox53epbtorwoczk0irdbco2cbf27rfk:latest/table.table.json", "_latest_artifact_path": "wandb-client-artifact://ysr19y408ixrh203bz51xkcks5gdcc8m6ei9p9wf2r78v7jogin8sa2y3x49sz67s92e0xe6t2meoyi2qxcylscxo4t5hdr20ox53epbtorwoczk0irdbco2cbf27rfk:latest/table.table.json", "path": "media/table/table_12322_c3e6b0ebb72c2568d34b.table.json", "ncols": 6, "nrows": 681}, "_wandb": {"runtime": 9976}}