{"num_train": 19624, "num_valid": 3380, "_timestamp": 1680815369, "_runtime": 4802, "_step": 4652, "loss": 0.0015106776263564825, "train_loss": 0.0015016913432144112, "lr": 0.00010453658778440107, "epoch": 30, "valid_loss": 0.001289414729129661, "valid_padded_cmAP": 0.6203453070061613, "cmAP": 0.6203453070061613, "best": {"epoch": 30, "cmAP": 0.6203453070061613, "_timestamp": 1680815260, "_runtime": 4693}, "table": {"_type": "table-file", "sha256": "5d421270a43416d13937ebc0134013b72bdc38dda05bf293f517107bcf6bf712", "size": 139104, "artifact_path": "wandb-client-artifact://14t8dwugxd46aerk744xp08zqi0q24u3b0gy1dp8ycofa6opmxwvhwmtcvvln1vdeuvn0pildka7lyk67rc6dezm00doovogok9d9tlwqc6ovx9eo0n4duu6s8sz3r9w:latest/table.table.json", "_latest_artifact_path": "wandb-client-artifact://14t8dwugxd46aerk744xp08zqi0q24u3b0gy1dp8ycofa6opmxwvhwmtcvvln1vdeuvn0pildka7lyk67rc6dezm00doovogok9d9tlwqc6ovx9eo0n4duu6s8sz3r9w:latest/table.table.json", "path": "media/table/table_4652_5d421270a43416d13937.table.json", "ncols": 6, "nrows": 2124}, "_wandb": {"runtime": 4833}}