{"num_train": 19627, "num_valid": 3381, "_timestamp": 1683993333, "_runtime": 10827, "_step": 4652, "loss": 0.001934518339112401, "train_loss": 0.0019969964012890667, "lr": 0.00010453658778440107, "epoch": 30, "valid_loss": 0.002145460947286099, "valid_padded_cmAP": 0.8214279783136544, "cmAP": 0.8214279783136544, "best": {"epoch": 30, "cmAP": 0.8214279783136544, "_timestamp": 1683993265, "_runtime": 10759}, "table": {"_type": "table-file", "sha256": "1dca4e913d8ae311b4a03ca86dab597375a6d4cef6652bb6d648fb9bbe501428", "size": 70983, "artifact_path": "wandb-client-artifact://10lsphfbyl536srtzfpdfe17ujxsvaivizpzx06s4dvuoq0v8f5om9bx4izr5bhl993xbs5puxft1xf18prxukq1melcbobbx3oo5qg5p95akfdn88rlhza1glr7rd7i:latest/table.table.json", "_latest_artifact_path": "wandb-client-artifact://10lsphfbyl536srtzfpdfe17ujxsvaivizpzx06s4dvuoq0v8f5om9bx4izr5bhl993xbs5puxft1xf18prxukq1melcbobbx3oo5qg5p95akfdn88rlhza1glr7rd7i:latest/table.table.json", "path": "media/table/table_4652_1dca4e913d8ae311b4a0.table.json", "ncols": 6, "nrows": 1082}, "_wandb": {"runtime": 10833}}