{"num_train": 78407, "num_valid": 3216, "_timestamp": 1682979227, "_runtime": 169, "_step": 6, "loss": 6.334932327270508, "train_loss": 6.334932327270508, "lr": 0.00024, "epoch": 2, "valid_loss": 319.6454591017503, "valid_padded_cmAP": 0.5049190630247589, "cmAP": 0.5049190630247589, "best": {"epoch": 2, "cmAP": 0.5049190630247589, "_timestamp": 1682979227, "_runtime": 169}, "_wandb": {"runtime": 164}}