{"num_train": 19624, "num_valid": 3380, "_timestamp": 1683325629, "_runtime": 4222, "_step": 4652, "loss": 0.0024899798445403576, "train_loss": 0.002586597501898983, "lr": 0.00010453658778440107, "epoch": 29, "valid_loss": 0.0027404530124773307, "valid_padded_cmAP": 0.7627261384128531, "primary_cmAP": 0.8069656107402836, "best": {"epoch": 29, "primary_cmAP": 0.8069656107402836, "_timestamp": 1683325565, "_runtime": 4158}, "table": {"_type": "table-file", "sha256": "c6c86d1d2f966d3999e18478bf16d42b4d5b0fcc183607063e7ac6052355fde9", "size": 75996, "artifact_path": "wandb-client-artifact://o9gmjrdvns1na8lt23m361b043cyv1fgr25zj15ctw1wfy76u4b2lx5m62hgecajixcfvtlx7ihz72fa4zhk46sst46m2twj50v4se2lgh5qtxsp7kshs5b4pidusfox:latest/table.table.json", "_latest_artifact_path": "wandb-client-artifact://o9gmjrdvns1na8lt23m361b043cyv1fgr25zj15ctw1wfy76u4b2lx5m62hgecajixcfvtlx7ihz72fa4zhk46sst46m2twj50v4se2lgh5qtxsp7kshs5b4pidusfox:latest/table.table.json", "path": "media/table/table_4652_c6c86d1d2f966d3999e1.table.json", "ncols": 6, "nrows": 1158}, "_wandb": {"runtime": 4236}}