{"num_train": 19629, "num_valid": 3382, "_timestamp": 1680800617, "_runtime": 4834, "_step": 4652, "loss": 0.001500780344940722, "train_loss": 0.0014662541390106372, "lr": 0.00010453658778440107, "epoch": 30, "valid_loss": 0.0012892586614557163, "valid_padded_cmAP": 0.6525744425459472, "cmAP": 0.6525744425459472, "best": {"epoch": 30, "cmAP": 0.6525744425459472, "_timestamp": 1680800498, "_runtime": 4715}, "table": {"_type": "table-file", "sha256": "96f50aa51b7b27b35b1b687b1bd336161aafd1a0eee081af9dcaa31cfe84bd38", "size": 133569, "artifact_path": "wandb-client-artifact://128uhcz4me3t1we3ejzdj22vc9ppr4i75mkskueocvrg7pv3raxifnedtr0cvhfu28hmooql66mjny7a80d44ukrltkq3rp0fjwm30l44krfm0j1aeuykmh3cz5rbg1e:latest/table.table.json", "_latest_artifact_path": "wandb-client-artifact://128uhcz4me3t1we3ejzdj22vc9ppr4i75mkskueocvrg7pv3raxifnedtr0cvhfu28hmooql66mjny7a80d44ukrltkq3rp0fjwm30l44krfm0j1aeuykmh3cz5rbg1e:latest/table.table.json", "path": "media/table/table_4652_96f50aa51b7b27b35b1b.table.json", "ncols": 6, "nrows": 2039}, "_wandb": {"runtime": 4873}}