{"num_train": 19629, "num_valid": 3381, "_timestamp": 1683233742, "_runtime": 4787, "_step": 4652, "loss": 0.0025878676678985357, "train_loss": 0.0021455150087025354, "lr": 0.00010453658778440107, "epoch": 30, "valid_loss": 0.0024305764667655306, "valid_padded_cmAP": 0.8080994277936444, "primary_cmAP": 0.8579585840776082, "best": {"epoch": 30, "primary_cmAP": 0.8579585840776082, "_timestamp": 1683233693, "_runtime": 4738}, "table": {"_type": "table-file", "sha256": "6a7af5f9a2af8bf25d6b278dd5610e96683a35e23cd278380b7feee664dd2fd6", "size": 58268, "artifact_path": "wandb-client-artifact://wyonmmffyvjzeclwyaz9r822xs58c0swezxxs4cumr0jtsttf09met9rmrkaju53yrto0ojnwg8b1p2yvio8qehmm7c910euiu0podwdl8kji2gkijftegg6gryyay2v:latest/table.table.json", "_latest_artifact_path": "wandb-client-artifact://wyonmmffyvjzeclwyaz9r822xs58c0swezxxs4cumr0jtsttf09met9rmrkaju53yrto0ojnwg8b1p2yvio8qehmm7c910euiu0podwdl8kji2gkijftegg6gryyay2v:latest/table.table.json", "path": "media/table/table_4652_6a7af5f9a2af8bf25d6b.table.json", "ncols": 6, "nrows": 888}, "_wandb": {"runtime": 4789}}