{"num_train": 19627, "num_valid": 3381, "_timestamp": 1683097677, "_runtime": 4745, "_step": 4652, "loss": 1.3515925407409668, "train_loss": 1.522937860581782, "lr": 0.00010453658778440107, "epoch": 28, "valid_loss": 0.8951230645179749, "valid_padded_cmAP": 0.9073165045620489, "cmAP": 0.9102072840510077, "best": {"epoch": 28, "cmAP": 0.9102072840510077, "_timestamp": 1683097644, "_runtime": 4712}, "table": {"_type": "table-file", "sha256": "075348d0c3bec2db9596573b8c5d8a65a3422d3185314e5b2a8f07c4f5b740f4", "size": 42325, "artifact_path": "wandb-client-artifact://q7nfwn3g2h0b8nb3fm20zh91lr95ys35ic9chax5kokarvxfthgjz0bbs1t5ss8urifvlw0n473is83fp1fapm97dpqgh82nknyil1n5y2caec2iydry9xcsf0nusn7q:latest/table.table.json", "_latest_artifact_path": "wandb-client-artifact://q7nfwn3g2h0b8nb3fm20zh91lr95ys35ic9chax5kokarvxfthgjz0bbs1t5ss8urifvlw0n473is83fp1fapm97dpqgh82nknyil1n5y2caec2iydry9xcsf0nusn7q:latest/table.table.json", "path": "media/table/table_4652_075348d0c3bec2db9596.table.json", "ncols": 6, "nrows": 643}, "_wandb": {"runtime": 4746}}