{"num_train": 19629, "num_valid": 3382, "_timestamp": 1680837241, "_runtime": 4744, "_step": 4652, "loss": 1.4932708740234375, "train_loss": 1.4368678733899996, "lr": 0.00010453658778440107, "epoch": 28, "valid_loss": 1.0450403061177995, "valid_padded_cmAP": 0.8903257810489857, "cmAP": 0.8911764179399991, "best": {"epoch": 28, "cmAP": 0.8911764179399991, "_timestamp": 1680837201, "_runtime": 4704}, "table": {"_type": "table-file", "sha256": "6da81d19e2507d63847de73b67fe9e15746d60828499d908954bf5515b42e6d5", "size": 49955, "artifact_path": "wandb-client-artifact://14j5mbixrdvozo97nze52o9w05eqz7wgniyoyqqnvud9k6uewfw9kk8yicdbvqorjrc7yahcea6vdwveep7zkvqls0x4o947u51n9jxb6sqp3n7iiq6ltsh2e0r3rss6:latest/table.table.json", "_latest_artifact_path": "wandb-client-artifact://14j5mbixrdvozo97nze52o9w05eqz7wgniyoyqqnvud9k6uewfw9kk8yicdbvqorjrc7yahcea6vdwveep7zkvqls0x4o947u51n9jxb6sqp3n7iiq6ltsh2e0r3rss6:latest/table.table.json", "path": "media/table/table_4652_6da81d19e2507d63847d.table.json", "ncols": 6, "nrows": 761}, "_wandb": {"runtime": 4745}}