{"num_train": 19623, "num_valid": 3381, "_timestamp": 1680810458, "_runtime": 4807, "_step": 4652, "loss": 0.0014871836174279451, "train_loss": 0.0014593130651885619, "lr": 0.00010453658778440107, "epoch": 30, "valid_loss": 0.0012147927492925966, "valid_padded_cmAP": 0.6524779103017585, "cmAP": 0.6524779103017585, "best": {"epoch": 30, "cmAP": 0.6524779103017585, "_timestamp": 1680810351, "_runtime": 4700}, "table": {"_type": "table-file", "sha256": "46a8622581d01c952737a91e141ad91a9e11d2f0a3a5001d7fcfe56208a3cb58", "size": 132948, "artifact_path": "wandb-client-artifact://14h27qs2suftz5qeq1i4q4sam31ggtltscq4m9nr6zf5zw4cy4qbfj51fk0bnaymbmuc3ymvetgc7wb944qyiiafllrfmhw3elaetznwxyncmq6suxwq1rvun2ix5sur:latest/table.table.json", "_latest_artifact_path": "wandb-client-artifact://14h27qs2suftz5qeq1i4q4sam31ggtltscq4m9nr6zf5zw4cy4qbfj51fk0bnaymbmuc3ymvetgc7wb944qyiiafllrfmhw3elaetznwxyncmq6suxwq1rvun2ix5sur:latest/table.table.json", "path": "media/table/table_4652_46a8622581d01c952737.table.json", "ncols": 6, "nrows": 2029}, "_wandb": {"runtime": 4837}}