{"num_train": 19629, "num_valid": 3382, "_timestamp": 1681762942, "_runtime": 9320, "_step": 12322, "loss": 1.8005670309066772, "train_loss": 1.7052928069515414, "lr": 6.395177052675794e-05, "epoch": 37, "valid_loss": 1.0802295870251126, "valid_padded_cmAP": 0.8889632964020979, "cmAP": 0.8896839791219906, "best": {"epoch": 37, "cmAP": 0.8896839791219906, "_timestamp": 1681762899, "_runtime": 9277}, "table": {"_type": "table-file", "sha256": "1fdc3ed55ddff619fac8966afdc5d0b34126b0e3d6dcbccac36abf7e547bee29", "size": 50411, "artifact_path": "wandb-client-artifact://dtimgmi9grkqty9iuvpm0qzeztgs8td413g4zewwl5og8d1j4egsc854wn1d23sx05yjli627xcloprwhweko8p5rvvz9i5efcc1pqielksots642mq7javi2pha4bj0:latest/table.table.json", "_latest_artifact_path": "wandb-client-artifact://dtimgmi9grkqty9iuvpm0qzeztgs8td413g4zewwl5og8d1j4egsc854wn1d23sx05yjli627xcloprwhweko8p5rvvz9i5efcc1pqielksots642mq7javi2pha4bj0:latest/table.table.json", "path": "media/table/table_12322_1fdc3ed55ddff619fac8.table.json", "ncols": 6, "nrows": 768}, "_wandb": {"runtime": 9320}}