{"num_train": 78407, "num_valid": 3216, "_timestamp": 1683078551, "_runtime": 47398, "_step": 8051, "loss": 2.2440176010131836, "train_loss": 2.2754970656716997, "lr": 0.00010453658778440107, "epoch": 13, "valid_loss": 0.8550598415044638, "valid_padded_cmAP": 0.9540167041516011}