{"num_train": 19623, "num_valid": 3381, "_timestamp": 1683851524, "_runtime": 9567, "_step": 4652, "loss": 3.591667890548706, "train_loss": 3.3851717555677734, "lr": 0.00010453658778440107, "epoch": 26, "valid_loss": 5.210618838936717, "valid_padded_cmAP": 0.9339382629291771, "cmAP": 0.9345676807478747, "best": {"epoch": 26, "cmAP": 0.9345676807478747, "_timestamp": 1683851493, "_runtime": 9536}, "table": {"_type": "table-file", "sha256": "294029a5efa1f954d17f76ba3eac27aa4027413d7035a2703511661cbef1fc7e", "size": 46784, "artifact_path": "wandb-client-artifact://ba8egzen58qoe7f2xb1vl9ejwn9mqeivyxpm1368rwqpbj52ijoeeebmzibmxjqdftmkdzlq8y3a09j9fqf5adjsindddo939wfoyffknl14zwnqjyo9fuehd0spb7rw:latest/table.table.json", "_latest_artifact_path": "wandb-client-artifact://ba8egzen58qoe7f2xb1vl9ejwn9mqeivyxpm1368rwqpbj52ijoeeebmzibmxjqdftmkdzlq8y3a09j9fqf5adjsindddo939wfoyffknl14zwnqjyo9fuehd0spb7rw:latest/table.table.json", "path": "media/table/table_4652_294029a5efa1f954d17f.table.json", "ncols": 6, "nrows": 714}, "_wandb": {"runtime": 9568}}