{"num_train": 19624, "num_valid": 3380, "_timestamp": 1684342109, "_runtime": 6831, "_step": 6162, "loss": 1.9801313877105713, "train_loss": 1.7125517207558847, "lr": 2.8549663646838717e-05, "epoch": 17, "valid_loss": 1.42310451136695, "valid_padded_cmAP": 0.902650382455727, "primary_cmAP": 0.9031155076161921, "best": {"epoch": 17, "primary_cmAP": 0.9031155076161921, "_timestamp": 1684342073, "_runtime": 6795}, "table": {"_type": "table-file", "sha256": "1f21f7d9fc3652ee3f132a821de6dc208781139528c45e37af3a946f8d08dc97", "size": 42318, "artifact_path": "wandb-client-artifact://74sp3p77zzidm6xtzkarqfw7mrrael9tilskznb3lbu5mi39cwj9p4gnoiahz1nhrvwkd6lu95qn5mj2h5478kgjp557py0pys8ls71y76jm2dlcvsju6qlqbzm4iqrc:latest/table.table.json", "_latest_artifact_path": "wandb-client-artifact://74sp3p77zzidm6xtzkarqfw7mrrael9tilskznb3lbu5mi39cwj9p4gnoiahz1nhrvwkd6lu95qn5mj2h5478kgjp557py0pys8ls71y76jm2dlcvsju6qlqbzm4iqrc:latest/table.table.json", "path": "media/table/table_6162_1f21f7d9fc3652ee3f13.table.json", "ncols": 6, "nrows": 644}, "_wandb": {"runtime": 6832}}