{"num_train": 19629, "num_valid": 3382, "_timestamp": 1681674456, "_runtime": 9862, "_step": 12322, "loss": 1.351449728012085, "train_loss": 1.535502246614388, "lr": 6.395177052675794e-05, "epoch": 36, "valid_loss": 0.9730046005160721, "valid_padded_cmAP": 0.9018860362681077, "cmAP": 0.9025144851021035, "best": {"epoch": 36, "cmAP": 0.9025144851021035, "_timestamp": 1681674416, "_runtime": 9822}, "table": {"_type": "table-file", "sha256": "99921920cc9914262f6cb5fbd9a3d27ae9cc8c73f447682d1c54348eb7005a25", "size": 46272, "artifact_path": "wandb-client-artifact://1238f7jf9fgqfqdx43i6kzm8fsc9knlai7isoytb07ozz2ff23um85gsrc8b5wzmw13xr3ogcr5qqyjwlqgxed8p3u1g8hkaomciiza0us39bu71ygm4s2d7j1zvwnax:latest/table.table.json", "_latest_artifact_path": "wandb-client-artifact://1238f7jf9fgqfqdx43i6kzm8fsc9knlai7isoytb07ozz2ff23um85gsrc8b5wzmw13xr3ogcr5qqyjwlqgxed8p3u1g8hkaomciiza0us39bu71ygm4s2d7j1zvwnax:latest/table.table.json", "path": "media/table/table_12322_99921920cc9914262f6c.table.json", "ncols": 6, "nrows": 705}, "_wandb": {"runtime": 9862}}