{"num_train": 19627, "num_valid": 3381, "_timestamp": 1683120575, "_runtime": 4993, "_step": 4652, "loss": 1.264493703842163, "train_loss": 1.0822067105924928, "lr": 0.00010453658778440107, "epoch": 28, "valid_loss": 0.8316455488955533, "valid_padded_cmAP": 0.9190687480392772, "cmAP": 0.9195009861395236, "best": {"epoch": 28, "cmAP": 0.9195009861395236, "_timestamp": 1683120542, "_runtime": 4960}, "table": {"_type": "table-file", "sha256": "91699c46a2d05d79cf7e487924cdaa9e7892429dc9b90f056504b5ce28abc5a6", "size": 37979, "artifact_path": "wandb-client-artifact://3fmw4doawfd4snz72noma05yvv10i1ieb2rtdrpdn1hzu50wfb0rysl7lkhphjzb8g9x8ll67w8eh03ysn56k00vk01verq8d0kjmg6isp2aboeh5n1mi6ua8gm101z6:latest/table.table.json", "_latest_artifact_path": "wandb-client-artifact://3fmw4doawfd4snz72noma05yvv10i1ieb2rtdrpdn1hzu50wfb0rysl7lkhphjzb8g9x8ll67w8eh03ysn56k00vk01verq8d0kjmg6isp2aboeh5n1mi6ua8gm101z6:latest/table.table.json", "path": "media/table/table_4652_91699c46a2d05d79cf7e.table.json", "ncols": 6, "nrows": 577}, "_wandb": {"runtime": 4993}}