{"num_train": 19623, "num_valid": 3381, "_timestamp": 1683767082, "_runtime": 9360, "_step": 4652, "loss": 3.725520372390747, "train_loss": 3.500659820321318, "lr": 0.00010453658778440107, "epoch": 29, "valid_loss": 5.2705447070875735, "valid_padded_cmAP": 0.903093918893012, "cmAP": 0.9035486504650609, "best": {"epoch": 29, "cmAP": 0.9035486504650609, "_timestamp": 1683767045, "_runtime": 9323}, "table": {"_type": "table-file", "sha256": "7adff95e689f736790d69b2d0da4405dc402a3caf4c8c7a16305e7c3de964f5c", "size": 55569, "artifact_path": "wandb-client-artifact://t1abhdi0g0qd1nqdr179ml83h5qlbtbminzhjn0fos6yo1mudoxz3thips4wrpd7g0pl7rbb8p5l1lvxyzv6fpyhpbijcf4a7rftpfgvpepynqq5iawjtp74nlnh2mou:latest/table.table.json", "_latest_artifact_path": "wandb-client-artifact://t1abhdi0g0qd1nqdr179ml83h5qlbtbminzhjn0fos6yo1mudoxz3thips4wrpd7g0pl7rbb8p5l1lvxyzv6fpyhpbijcf4a7rftpfgvpepynqq5iawjtp74nlnh2mou:latest/table.table.json", "path": "media/table/table_4652_7adff95e689f736790d6.table.json", "ncols": 6, "nrows": 848}, "_wandb": {"runtime": 9367}}