{"num_train": 20215, "num_valid": 3381, "_timestamp": 1684598320, "_runtime": 5340, "_step": 4638, "loss": 0.2215566486120224, "train_loss": 0.27252998207754725, "lr": 6.890576474687264e-05, "epoch": 14, "valid_loss": 0.30232333253931115, "valid_padded_cmAP": 0.9015065228787932}