{"num_train": 20215, "num_valid": 3381, "_timestamp": 1684668288, "_runtime": 16044, "_step": 12331, "loss": 2.226619243621826, "train_loss": 1.9483944351160074, "lr": 0.0002942392506752891, "epoch": 38, "valid_loss": 1.586949642057772, "valid_padded_cmAP": 0.8982594608362429}