{"num_train": 19623, "num_valid": 3381, "_timestamp": 1680879858, "_runtime": 4805, "_step": 4652, "loss": 2.7337937355041504, "train_loss": 2.4332876360261597, "lr": 0.00010453658778440107, "epoch": 28, "valid_loss": 4.815889217235424, "valid_padded_cmAP": 0.8841612068349531, "cmAP": 0.8851159920293349, "best": {"epoch": 28, "cmAP": 0.8851159920293349, "_timestamp": 1680879822, "_runtime": 4769}, "table": {"_type": "table-file", "sha256": "80c7fbac5cccaffb0f55247001863714650dad79970a95f8ebbe2dc9da8a4e0b", "size": 47156, "artifact_path": "wandb-client-artifact://xrrludk05eijko74pkapobv3lfkotyyqy1if1pnch9snp0qgn0aqy5miogfa9dzji06zwglsgpn7rsqkmffz9pf35rwkun1gwfisxgfnu7fkc8nj30qjyb98vr4yt7ay:latest/table.table.json", "_latest_artifact_path": "wandb-client-artifact://xrrludk05eijko74pkapobv3lfkotyyqy1if1pnch9snp0qgn0aqy5miogfa9dzji06zwglsgpn7rsqkmffz9pf35rwkun1gwfisxgfnu7fkc8nj30qjyb98vr4yt7ay:latest/table.table.json", "path": "media/table/table_4652_80c7fbac5cccaffb0f55.table.json", "ncols": 6, "nrows": 717}, "_wandb": {"runtime": 4811}}