{"num_train": 20215, "num_valid": 3381, "_timestamp": 1684504208, "_runtime": 3987, "_step": 3421, "loss": 0.26448678970336914, "train_loss": 0.22454011482717115, "lr": 0.0009844486647586723, "epoch": 10, "valid_loss": 0.25590996471820054, "valid_padded_cmAP": 0.8494136024995073}