{"num_train": 19629, "num_valid": 3382, "_timestamp": 1683383228, "_runtime": 710, "_step": 670, "loss": 0.0047601996921002865, "train_loss": 0.005197666249806424, "lr": 0.00062, "epoch": 4, "valid_loss": 0.005798454361933249, "valid_padded_cmAP": 0.48773031235792713}