{"num_train": 19623, "num_valid": 3381, "_timestamp": 1684335237, "_runtime": 6771, "_step": 6162, "loss": 1.6557953357696533, "train_loss": 1.7071868138515212, "lr": 2.8549663646838717e-05, "epoch": 11, "valid_loss": 1.495719407443647, "valid_padded_cmAP": 0.8935472311893922, "primary_cmAP": 0.894514891250639, "best": {"epoch": 11, "primary_cmAP": 0.894514891250639, "_timestamp": 1684335198, "_runtime": 6732}, "table": {"_type": "table-file", "sha256": "f44ca6979415f1a81c85700acfa9e5a4bf6b44eeeaeca5a67a4b7bc0e49a5e11", "size": 43799, "artifact_path": "wandb-client-artifact://erwmqoaq3va35nfhrvklamyny9fyq6almkis6x6da3yl485fu2oy8wpw5q3seywwjbsewvh3744ktp5arm5y88vbgtmvsznbglg13faodih2svsz3aax259qxvvsbsme:latest/table.table.json", "_latest_artifact_path": "wandb-client-artifact://erwmqoaq3va35nfhrvklamyny9fyq6almkis6x6da3yl485fu2oy8wpw5q3seywwjbsewvh3744ktp5arm5y88vbgtmvsznbglg13faodih2svsz3aax259qxvvsbsme:latest/table.table.json", "path": "media/table/table_6162_f44ca6979415f1a81c85.table.json", "ncols": 6, "nrows": 666}, "_wandb": {"runtime": 6772}}