{"num_train": 20215, "num_valid": 3381, "_timestamp": 1684742590, "_runtime": 7777, "_step": 5391, "loss": 1.9886119365692139, "train_loss": 1.8717577517787112, "lr": 1e-05, "epoch": 50, "valid_loss": 1.5328545802169375, "valid_padded_cmAP": 0.9015930228183398, "primary_cmAP": 0.9015930228183398, "best": {"epoch": 50, "primary_cmAP": 0.9015930228183398, "_timestamp": 1684742545, "_runtime": 7732}, "table": {"_type": "table-file", "sha256": "c73c48c2191c216623b0fb541ba165dff2de18237b40721e374e0029035ac40b", "size": 41184, "artifact_path": "wandb-client-artifact://19b27h22zo5pu6ymo7uvk6hupxv0cjwq0wekiisvjixie1rh4udde5jcyir8aswyhxza1vmgoefzxijk34hviapurq7mcgj1ra68r709usrjzuix3ofn07viek6ugqhg:latest/table.table.json", "_latest_artifact_path": "wandb-client-artifact://19b27h22zo5pu6ymo7uvk6hupxv0cjwq0wekiisvjixie1rh4udde5jcyir8aswyhxza1vmgoefzxijk34hviapurq7mcgj1ra68r709usrjzuix3ofn07viek6ugqhg:latest/table.table.json", "path": "media/table/table_5391_c73c48c2191c216623b0.table.json", "ncols": 6, "nrows": 626}, "_wandb": {"runtime": 7780}}