{"num_train": 19627, "num_valid": 3381, "_timestamp": 1680832462, "_runtime": 4815, "_step": 4652, "loss": 1.4233317375183105, "train_loss": 1.4419172189452432, "lr": 0.00010453658778440107, "epoch": 28, "valid_loss": 0.969214384202604, "valid_padded_cmAP": 0.8966110176302929, "cmAP": 0.8968648142504552, "best": {"epoch": 28, "cmAP": 0.8968648142504552, "_timestamp": 1680832427, "_runtime": 4780}, "table": {"_type": "table-file", "sha256": "5187584a0716a848cb56e34ab0061560daf77a98935becfa0bb436f0d2f657fb", "size": 46564, "artifact_path": "wandb-client-artifact://b04sy1rgh2vild20cufdevws0x5ewpabjm7bosalx3c38boyiw1dnrz3xog4s5j2ftif0qd792y6pp1omrlooiasburo3jw8z77lyocys9duk5spd1cmydffywtoqlus:latest/table.table.json", "_latest_artifact_path": "wandb-client-artifact://b04sy1rgh2vild20cufdevws0x5ewpabjm7bosalx3c38boyiw1dnrz3xog4s5j2ftif0qd792y6pp1omrlooiasburo3jw8z77lyocys9duk5spd1cmydffywtoqlus:latest/table.table.json", "path": "media/table/table_4652_5187584a0716a848cb56.table.json", "ncols": 6, "nrows": 708}, "_wandb": {"runtime": 4818}}