{"num_train": 19629, "num_valid": 3381, "_timestamp": 1682958875, "_runtime": 4564, "_step": 4652, "loss": 0.0038382052443921566, "train_loss": 0.0037379692604934626, "lr": 1.859423525312737e-05, "epoch": 2, "valid_loss": 0.00497004491518493, "valid_padded_cmAP": 0.47935470543428904, "cmAP": 0.48028621698367446, "best": {"epoch": 2, "cmAP": 0.48028621698367446, "_timestamp": 1682958679, "_runtime": 4368}, "table": {"_type": "table-file", "sha256": "b4d670dab683fdf8271399895d7f263a1937b568971b3a9c67ec5650f82181f2", "size": 210304, "artifact_path": "wandb-client-artifact://apf7somtcv017saua75nk5ctjxuo6myo3gsyxzxdip66sqtq2o87dj6sed6e6h0omi7hpzva5k6eyk2s0oedy3qrhe621p23e4xveontbxl4xib8wz2831qhfop894ka:latest/table.table.json", "_latest_artifact_path": "wandb-client-artifact://apf7somtcv017saua75nk5ctjxuo6myo3gsyxzxdip66sqtq2o87dj6sed6e6h0omi7hpzva5k6eyk2s0oedy3qrhe621p23e4xveontbxl4xib8wz2831qhfop894ka:latest/table.table.json", "path": "media/table/table_4652_b4d670dab683fdf82713.table.json", "ncols": 6, "nrows": 3281}, "_wandb": {"runtime": 4635}}