{"num_train": 19627, "num_valid": 3381, "_timestamp": 1680795670, "_runtime": 4889, "_step": 4652, "loss": 0.0014373620506376028, "train_loss": 0.0014567297487217304, "lr": 0.00010453658778440107, "epoch": 30, "valid_loss": 0.0011958355726501733, "valid_padded_cmAP": 0.6640246311640762, "cmAP": 0.6640246311640762, "best": {"epoch": 30, "cmAP": 0.6640246311640762, "_timestamp": 1680795562, "_runtime": 4781}, "table": {"_type": "table-file", "sha256": "320d7d548cffed71abecf38c88a2f891a225a2ce78e53c12f3a2f1440db53dfe", "size": 129348, "artifact_path": "wandb-client-artifact://r1viq8q1zwntv168nnhqh6a6iosxn4v2xoaswa48sqpjbfdsenb9tauu5b1jwjb34wdrvq131etkp0mkox53q3hohpddqylzop74trivifopnwl8faov14a1htl69qff:latest/table.table.json", "_latest_artifact_path": "wandb-client-artifact://r1viq8q1zwntv168nnhqh6a6iosxn4v2xoaswa48sqpjbfdsenb9tauu5b1jwjb34wdrvq131etkp0mkox53q3hohpddqylzop74trivifopnwl8faov14a1htl69qff:latest/table.table.json", "path": "media/table/table_4652_320d7d548cffed71abec.table.json", "ncols": 6, "nrows": 1975}, "_wandb": {"runtime": 4926}}