{"num_train": 19629, "num_valid": 3381, "_timestamp": 1684328430, "_runtime": 7284, "_step": 6162, "loss": 1.9437934160232544, "train_loss": 1.722761493940695, "lr": 2.8549663646838717e-05, "epoch": 13, "valid_loss": 1.4322756043186895, "valid_padded_cmAP": 0.8990907866531256, "primary_cmAP": 0.9006253438608818, "best": {"epoch": 13, "primary_cmAP": 0.9006253438608818, "_timestamp": 1684328389, "_runtime": 7243}, "table": {"_type": "table-file", "sha256": "fe3ea9fb418e0bcd2135497ce3bb90f5c1c50eb245458893a1831c7de17cbabb", "size": 43780, "artifact_path": "wandb-client-artifact://yf6q75i95mbqqwgplt19qz4kf0145nyuw8eetji7g5crofpoxj9mhxp0zxa1hh9x1q0wi0g8q9aib8gkw9vfavtxk57z3kc7fdaipwhtsmjucjov05hvb5kvt0dyj3kz:latest/table.table.json", "_latest_artifact_path": "wandb-client-artifact://yf6q75i95mbqqwgplt19qz4kf0145nyuw8eetji7g5crofpoxj9mhxp0zxa1hh9x1q0wi0g8q9aib8gkw9vfavtxk57z3kc7fdaipwhtsmjucjov05hvb5kvt0dyj3kz:latest/table.table.json", "path": "media/table/table_6162_fe3ea9fb418e0bcd2135.table.json", "ncols": 6, "nrows": 666}, "_wandb": {"runtime": 7285}}