{"num_train": 19627, "num_valid": 3381, "_timestamp": 1682938963, "_runtime": 851, "_step": 864, "loss": 0.0038306524511426687, "train_loss": 0.00391492671968246, "lr": 0.0008100000000000001, "epoch": 5, "valid_loss": 0.005271015067895253, "valid_padded_cmAP": 0.4792039900151774}