{"num_train": 19627, "num_valid": 3381, "_timestamp": 1684314448, "_runtime": 5884, "_step": 6162, "loss": 1.168910026550293, "train_loss": 1.6849446323873165, "lr": 2.8549663646838717e-05, "epoch": 9, "valid_loss": 1.3951118654674954, "valid_padded_cmAP": 0.9055733186711469, "primary_cmAP": 0.9059803019639322, "best": {"epoch": 9, "primary_cmAP": 0.9059803019639322, "_timestamp": 1684314408, "_runtime": 5844}, "table": {"_type": "table-file", "sha256": "7b473a9f500b22b10079d23559d18edf08acd4687bd0581aeb0065b428e94651", "size": 42543, "artifact_path": "wandb-client-artifact://m68o7pdobpl3vx9mbse8hklqtbzf9satp2udkgkeq4cv54p15wz7eafsfki04ig2hjtcrdt0foa1ha7mhhpvaw0in3vekf1nukssokdphtcf4bxz8djpc6tjvv49l5ap:latest/table.table.json", "_latest_artifact_path": "wandb-client-artifact://m68o7pdobpl3vx9mbse8hklqtbzf9satp2udkgkeq4cv54p15wz7eafsfki04ig2hjtcrdt0foa1ha7mhhpvaw0in3vekf1nukssokdphtcf4bxz8djpc6tjvv49l5ap:latest/table.table.json", "path": "media/table/table_6162_7b473a9f500b22b10079.table.json", "ncols": 6, "nrows": 647}, "_wandb": {"runtime": 5886}}