{"num_train": 19629, "num_valid": 3382, "_timestamp": 1684321112, "_runtime": 6632, "_step": 6162, "loss": 1.4845032691955566, "train_loss": 1.741316259489774, "lr": 2.8549663646838717e-05, "epoch": 17, "valid_loss": 1.4522451493475173, "valid_padded_cmAP": 0.9058929566042979, "primary_cmAP": 0.9064427936258094, "best": {"epoch": 17, "primary_cmAP": 0.9064427936258094, "_timestamp": 1684321070, "_runtime": 6590}, "table": {"_type": "table-file", "sha256": "c1f42aa4b2e2b0df4ddc71135cde0acceebdd942c035969840cb026fbce7f04f", "size": 43990, "artifact_path": "wandb-client-artifact://2qkjzqmj1n41wg4ogvkcf9r5dh7rv0expr9ms4pi9nl8hm6aau2khzyylv3wvuzj75ymrw549fklqmt7n45q87diify18lr0y8xds4db9vnaf4kp7purbz15uqipgm3r:latest/table.table.json", "_latest_artifact_path": "wandb-client-artifact://2qkjzqmj1n41wg4ogvkcf9r5dh7rv0expr9ms4pi9nl8hm6aau2khzyylv3wvuzj75ymrw549fklqmt7n45q87diify18lr0y8xds4db9vnaf4kp7purbz15uqipgm3r:latest/table.table.json", "path": "media/table/table_6162_c1f42aa4b2e2b0df4ddc.table.json", "ncols": 6, "nrows": 670}, "_wandb": {"runtime": 6633}}