{"num_train": 19627, "num_valid": 3381, "_timestamp": 1683287705, "_runtime": 1001, "_step": 903, "loss": 0.6910628080368042, "train_loss": 0.690933870030688, "lr": 0.0008100000000000001, "epoch": 5, "valid_loss": 0.6909767963268139, "valid_padded_cmAP": 0.4537204719484714}