{"num_train": 19629, "num_valid": 3381, "_timestamp": 1680875010, "_runtime": 4815, "_step": 4652, "loss": 2.466047525405884, "train_loss": 2.427981870515006, "lr": 0.00010453658778440107, "epoch": 30, "valid_loss": 4.814336246914333, "valid_padded_cmAP": 0.8885111724234398, "cmAP": 0.8885111724234398, "best": {"epoch": 30, "cmAP": 0.8885111724234398, "_timestamp": 1680874975, "_runtime": 4780}, "table": {"_type": "table-file", "sha256": "8f0048e81954121edc88a386f8474891cc04a960921770dbee8968e466400802", "size": 46644, "artifact_path": "wandb-client-artifact://m58ncqjnzh968vwv2gv1c2qnhf9qzpk1rqbucmtmqpw48israwm8plo988ir9sz5m0ok4g4xa0olqlenr4olpkbkk6nyty9o9eav8nva39ueb9lkpjang7yjb28vwvs6:latest/table.table.json", "_latest_artifact_path": "wandb-client-artifact://m58ncqjnzh968vwv2gv1c2qnhf9qzpk1rqbucmtmqpw48israwm8plo988ir9sz5m0ok4g4xa0olqlenr4olpkbkk6nyty9o9eav8nva39ueb9lkpjang7yjb28vwvs6:latest/table.table.json", "path": "media/table/table_4652_8f0048e81954121edc88.table.json", "ncols": 6, "nrows": 710}, "_wandb": {"runtime": 4821}}