{"num_train": 19629, "num_valid": 3381, "_timestamp": 1683317066, "_runtime": 4218, "_step": 4652, "loss": 0.0027502919547259808, "train_loss": 0.0025325266828808883, "lr": 0.00010453658778440107, "epoch": 30, "valid_loss": 0.0027873851962525536, "valid_padded_cmAP": 0.7658804938051411, "primary_cmAP": 0.8145214647482685, "best": {"epoch": 30, "primary_cmAP": 0.8145214647482685, "_timestamp": 1683317002, "_runtime": 4154}, "table": {"_type": "table-file", "sha256": "c8b10249d7d4c5ada3d6388c2a88a34de46ece0e4830ee941285b8d2dfc9d347", "size": 74290, "artifact_path": "wandb-client-artifact://9s1jw5bief4mg40iiaht6nigaaw26oxea4i5hsam400xlf3bycab39m5xt85d7we99nj4ykpir2oo1nfdo7kp2zvudhtzzkgjz6yo411k86kjs8eh5yae2xe56y06pv0:latest/table.table.json", "_latest_artifact_path": "wandb-client-artifact://9s1jw5bief4mg40iiaht6nigaaw26oxea4i5hsam400xlf3bycab39m5xt85d7we99nj4ykpir2oo1nfdo7kp2zvudhtzzkgjz6yo411k86kjs8eh5yae2xe56y06pv0:latest/table.table.json", "path": "media/table/table_4652_c8b10249d7d4c5ada3d6.table.json", "ncols": 6, "nrows": 1132}, "_wandb": {"runtime": 4232}}