{"num_train": 19629, "num_valid": 3381, "_timestamp": 1684055156, "_runtime": 13432, "_step": 4365, "loss": 0.001306185033172369, "train_loss": 0.0011446734723181296, "lr": 0.0007197724508631912, "epoch": 36, "valid_loss": 0.0016696413521912615, "valid_padded_cmAP": 0.9094916919814597}