{"num_train": 20217, "num_valid": 3381, "_timestamp": 1684845402, "_runtime": 7731, "_step": 6342, "loss": 1.9270051717758179, "train_loss": 2.18522006876861, "lr": 2.8549663646838717e-05, "epoch": 18, "valid_loss": 1.504661824968126, "valid_padded_cmAP": 0.8966366275708525, "primary_cmAP": 0.8977401145107535, "best": {"epoch": 18, "primary_cmAP": 0.8977401145107535, "_timestamp": 1684845359, "_runtime": 7688}, "table": {"_type": "table-file", "sha256": "9e1a316da8dc7bc547c0c92ffcf3e028f4c1e3d9624950afcc9bc1ae1b2b170f", "size": 43540, "artifact_path": "wandb-client-artifact://168ong1foktgn5v2j3qdihfee8v1y2mksg1aq0gmfsm98gw47430zl0cpd51opiq85w6qwfspvt9131l1ga10tt6u7m42cfxd6viceliti7et4w1fskjckgs37mqmb40:latest/table.table.json", "_latest_artifact_path": "wandb-client-artifact://168ong1foktgn5v2j3qdihfee8v1y2mksg1aq0gmfsm98gw47430zl0cpd51opiq85w6qwfspvt9131l1ga10tt6u7m42cfxd6viceliti7et4w1fskjckgs37mqmb40:latest/table.table.json", "path": "media/table/table_6342_9e1a316da8dc7bc547c0.table.json", "ncols": 6, "nrows": 663}, "_wandb": {"runtime": 7729}}