{"num_train": 19623, "num_valid": 3381, "_timestamp": 1683238572, "_runtime": 4786, "_step": 4652, "loss": 0.0026872651651501656, "train_loss": 0.00213637319393456, "lr": 0.00010453658778440107, "epoch": 30, "valid_loss": 0.0024448153670635765, "valid_padded_cmAP": 0.8089141365948866, "primary_cmAP": 0.8578981324105358, "best": {"epoch": 30, "primary_cmAP": 0.8578981324105358, "_timestamp": 1683238525, "_runtime": 4739}, "table": {"_type": "table-file", "sha256": "c2dcdfaf0dc431f1ce15828c358b9de84c702fc1fc05b3adc969c45bd66f8575", "size": 57136, "artifact_path": "wandb-client-artifact://11flgfn4ceqozpap0sj2paspxzsboxwycadn00e4w220nmagzqdm7whs8kzvwqd4ybi2nbfx4om9xjt09lbiz32mq91w6sr5n87sedljtsso2ye1ssqjzujdg3rqg6k8:latest/table.table.json", "_latest_artifact_path": "wandb-client-artifact://11flgfn4ceqozpap0sj2paspxzsboxwycadn00e4w220nmagzqdm7whs8kzvwqd4ybi2nbfx4om9xjt09lbiz32mq91w6sr5n87sedljtsso2ye1ssqjzujdg3rqg6k8:latest/table.table.json", "path": "media/table/table_4652_c2dcdfaf0dc431f1ce15.table.json", "ncols": 6, "nrows": 869}, "_wandb": {"runtime": 4787}}