{"num_train": 19623, "num_valid": 3381, "_timestamp": 1683112371, "_runtime": 4961, "_step": 4652, "loss": 1.5128363370895386, "train_loss": 1.5163682010266688, "lr": 0.00010453658778440107, "epoch": 30, "valid_loss": 0.9082957870430417, "valid_padded_cmAP": 0.9033348635055052, "cmAP": 0.9033348635055052, "best": {"epoch": 30, "cmAP": 0.9033348635055052, "_timestamp": 1683112335, "_runtime": 4925}, "table": {"_type": "table-file", "sha256": "b5baaf0d830326cd959374308c99fd3a30b3e776ae607ce35a2ef4f618f8b76e", "size": 42270, "artifact_path": "wandb-client-artifact://4wlz5w0amc30b88j2cg6dixg4tbz7clj53otvsiv593rc7je72rxax61cthj1slf7xm5e11y7dwyuhcz3kqm3n4xk7ygsqadqu6xsch8m9dvdkit7zs0esq0wmmjj4nm:latest/table.table.json", "_latest_artifact_path": "wandb-client-artifact://4wlz5w0amc30b88j2cg6dixg4tbz7clj53otvsiv593rc7je72rxax61cthj1slf7xm5e11y7dwyuhcz3kqm3n4xk7ygsqadqu6xsch8m9dvdkit7zs0esq0wmmjj4nm:latest/table.table.json", "path": "media/table/table_4652_b5baaf0d830326cd9593.table.json", "ncols": 6, "nrows": 642}, "_wandb": {"runtime": 4959}}