{"num_train": 19627, "num_valid": 3381, "_timestamp": 1683382466, "_runtime": 5003, "_step": 4652, "loss": 0.0011910016182810068, "train_loss": 0.0009578481908470344, "lr": 0.00010453658778440107, "epoch": 30, "valid_loss": 0.0019297022005991527, "valid_padded_cmAP": 0.8638045706943054, "primary_cmAP": 0.8638045706943054, "best": {"epoch": 30, "primary_cmAP": 0.8638045706943054, "_timestamp": 1683382414, "_runtime": 4951}, "table": {"_type": "table-file", "sha256": "44b9405a7b8776f4742cdeed39590bde92d61b38df1eba63c5e7aad838f351d3", "size": 53509, "artifact_path": "wandb-client-artifact://1723dzviklq3774nuw0qj878gek2nldgsfq4qhf2kw8vv9n2xlk5y4e63kdegqmes9inx5u0t2mrl40r8e2m15yqnou8zad5k2m7clkf7ftx4j22iqy6oxdfzrzh1v7x:latest/table.table.json", "_latest_artifact_path": "wandb-client-artifact://1723dzviklq3774nuw0qj878gek2nldgsfq4qhf2kw8vv9n2xlk5y4e63kdegqmes9inx5u0t2mrl40r8e2m15yqnou8zad5k2m7clkf7ftx4j22iqy6oxdfzrzh1v7x:latest/table.table.json", "path": "media/table/table_4652_44b9405a7b8776f4742c.table.json", "ncols": 6, "nrows": 814}, "_wandb": {"runtime": 5008}}