{"num_train": 19629, "num_valid": 3381, "_timestamp": 1683107371, "_runtime": 4901, "_step": 4652, "loss": 1.465088129043579, "train_loss": 1.537140232402009, "lr": 0.00010453658778440107, "epoch": 30, "valid_loss": 0.9213690250008194, "valid_padded_cmAP": 0.9070426610906787, "cmAP": 0.9070426610906787, "best": {"epoch": 30, "cmAP": 0.9070426610906787, "_timestamp": 1683107331, "_runtime": 4861}, "table": {"_type": "table-file", "sha256": "5d54cb7175b36e65ad3f593fc782bfcf0292897e5c3cfbcd21e5f946a2f8a359", "size": 42980, "artifact_path": "wandb-client-artifact://eq08cymd5fnzlaoa2qs2axwek8hbu1t11y66svve5h7yq5mnwd42h3r23rfvg4hfvfx7mhbsqbdzlt2b4bg17t50qqohdbc8q3vzv7dpb32zs8wx1plf1hm2btkuacuv:latest/table.table.json", "_latest_artifact_path": "wandb-client-artifact://eq08cymd5fnzlaoa2qs2axwek8hbu1t11y66svve5h7yq5mnwd42h3r23rfvg4hfvfx7mhbsqbdzlt2b4bg17t50qqohdbc8q3vzv7dpb32zs8wx1plf1hm2btkuacuv:latest/table.table.json", "path": "media/table/table_4652_5d54cb7175b36e65ad3f.table.json", "ncols": 6, "nrows": 654}, "_wandb": {"runtime": 4900}}