{"num_train": 19627, "num_valid": 3381, "_timestamp": 1683298337, "_runtime": 1764, "_step": 2671, "loss": 0.690771758556366, "train_loss": 0.6906860119356782, "lr": 0.0009891830623632338, "epoch": 8, "valid_loss": 0.6907115976015726, "valid_padded_cmAP": 0.4527205908421849}