{"num_train": 19627, "num_valid": 3381, "_timestamp": 1683412730, "_runtime": 18718, "_step": 4652, "loss": 0.0014940828550606966, "train_loss": 0.001585511944268818, "lr": 0.00010453658778440107, "epoch": 30, "valid_loss": 0.0014885546266601454, "valid_padded_cmAP": 0.870304949648917, "primary_cmAP": 0.870304949648917, "best": {"epoch": 30, "primary_cmAP": 0.870304949648917, "_timestamp": 1683412686, "_runtime": 18674}, "table": {"_type": "table-file", "sha256": "8d3e2fbad8f7a03226d61926ea5d289b3df24bbc23d6d5ac3b750896ad923678", "size": 52936, "artifact_path": "wandb-client-artifact://69zjn6izbx7iqv6ipg0tx0jnctc68sdkpr9lru78zdqy164teccigiqq6sf3q80r1jyzs4gxm0kex95sg6wau6h69l4dw3jth5zrb7pa8cmp9941tdio1ap0w8ck14y6:latest/table.table.json", "_latest_artifact_path": "wandb-client-artifact://69zjn6izbx7iqv6ipg0tx0jnctc68sdkpr9lru78zdqy164teccigiqq6sf3q80r1jyzs4gxm0kex95sg6wau6h69l4dw3jth5zrb7pa8cmp9941tdio1ap0w8ck14y6:latest/table.table.json", "path": "media/table/table_4652_8d3e2fbad8f7a03226d6.table.json", "ncols": 6, "nrows": 805}, "_wandb": {"runtime": 18728}}