{"num_train": 19629, "num_valid": 3382, "_timestamp": 1683228911, "_runtime": 4788, "_step": 4652, "loss": 0.002483211923390627, "train_loss": 0.0021500498987734318, "lr": 0.00010453658778440107, "epoch": 29, "valid_loss": 0.002509753827729987, "valid_padded_cmAP": 0.8080329999889033, "primary_cmAP": 0.8592158149574818, "best": {"epoch": 29, "primary_cmAP": 0.8592158149574818, "_timestamp": 1683228855, "_runtime": 4732}, "table": {"_type": "table-file", "sha256": "debdebe64f20214d79c7b614e8f62a348a0359e2c5a95b8216637fabefaeaf4a", "size": 59481, "artifact_path": "wandb-client-artifact://12lgtc7qacbz3yibm0s60iom6f89rlytqopmjouaim3e97gumg1p6nla40jwlxbnhw1qj6sro99a0gyxnw1xmcczg2g4t27c9u0hso023162pd9h2zuso3f7j1qrz3lm:latest/table.table.json", "_latest_artifact_path": "wandb-client-artifact://12lgtc7qacbz3yibm0s60iom6f89rlytqopmjouaim3e97gumg1p6nla40jwlxbnhw1qj6sro99a0gyxnw1xmcczg2g4t27c9u0hso023162pd9h2zuso3f7j1qrz3lm:latest/table.table.json", "path": "media/table/table_4652_debdebe64f20214d79c7.table.json", "ncols": 6, "nrows": 906}, "_wandb": {"runtime": 4789}}