{"num_train": 19623, "num_valid": 3381, "_timestamp": 1683135299, "_runtime": 4644, "_step": 4652, "loss": 1.386049747467041, "train_loss": 1.0737258532604614, "lr": 0.00010453658778440107, "epoch": 28, "valid_loss": 0.9079730952227557, "valid_padded_cmAP": 0.9104689971962632, "cmAP": 0.9104956283427751, "best": {"epoch": 28, "cmAP": 0.9104956283427751, "_timestamp": 1683135269, "_runtime": 4614}, "table": {"_type": "table-file", "sha256": "45afe1ce3a6a26c86e852303ba6e624373c54a9bdd4d911278bcc78a021dcd18", "size": 39422, "artifact_path": "wandb-client-artifact://8m6nv44vxl9i3g3wbs3gom5uuygc71827jxf7f0tvxvxjl4mlnouiyxctwq2rt6kbc8zuw8tcvj19i285brfs3556ulyuqfqtwcghn4i02q4v6yhc5vahx1l57z5jks5:latest/table.table.json", "_latest_artifact_path": "wandb-client-artifact://8m6nv44vxl9i3g3wbs3gom5uuygc71827jxf7f0tvxvxjl4mlnouiyxctwq2rt6kbc8zuw8tcvj19i285brfs3556ulyuqfqtwcghn4i02q4v6yhc5vahx1l57z5jks5:latest/table.table.json", "path": "media/table/table_4652_45afe1ce3a6a26c86e85.table.json", "ncols": 6, "nrows": 599}, "_wandb": {"runtime": 4644}}