{"num_train": 20211, "num_valid": 3381, "_timestamp": 1684627189, "_runtime": 7510, "_step": 6342, "loss": 0.16217543184757233, "train_loss": 0.15406100136003917, "lr": 2.8549663646838717e-05, "epoch": 13, "valid_loss": 0.08435827421231402, "valid_padded_cmAP": 0.8908922311205543, "primary_cmAP": 0.8916905579399702, "best": {"epoch": 13, "primary_cmAP": 0.8916905579399702, "_timestamp": 1684627142, "_runtime": 7463}, "table": {"_type": "table-file", "sha256": "3826b5dedf6640f5ce68b0f09723cd245a53150f3c9c4bb1ca4ab5e4df9b9463", "size": 49424, "artifact_path": "wandb-client-artifact://jvc1vpm3301zh05urkk59trntc603mcbakj0fcb62dc1hwe019410v6vxgp4ytwkjkh3kz90jk0tfcsbpqtlnwyeapwip8twy73jefwlkxbechgh0hjb9xhagmrmrjxq:latest/table.table.json", "_latest_artifact_path": "wandb-client-artifact://jvc1vpm3301zh05urkk59trntc603mcbakj0fcb62dc1hwe019410v6vxgp4ytwkjkh3kz90jk0tfcsbpqtlnwyeapwip8twy73jefwlkxbechgh0hjb9xhagmrmrjxq:latest/table.table.json", "path": "media/table/table_6342_3826b5dedf6640f5ce68.table.json", "ncols": 6, "nrows": 751}, "_wandb": {"runtime": 7509}}