{"num_train": 19627, "num_valid": 3381, "_timestamp": 1681753585, "_runtime": 9357, "_step": 12322, "loss": 1.5227668285369873, "train_loss": 1.7078615516327103, "lr": 6.395177052675794e-05, "epoch": 35, "valid_loss": 0.9838965502050188, "valid_padded_cmAP": 0.8946829911417037, "cmAP": 0.8953675915949655, "best": {"epoch": 35, "cmAP": 0.8953675915949655, "_timestamp": 1681753550, "_runtime": 9322}, "table": {"_type": "table-file", "sha256": "eb379da27b9a5239e1a5880f73fa8fc817ee6298e4926fe623dabb2eb3e39ff8", "size": 46600, "artifact_path": "wandb-client-artifact://v1obwxq5uewlxm0grer54wc3gbsmm8xz50r0ovd6783vdr7cqfhapy88mgbw4g4gwvhk0p7tfrm6cfxj5av7sc2ndug8xbw3liry0829w4o1181i4tnz4p3vub614bpn:latest/table.table.json", "_latest_artifact_path": "wandb-client-artifact://v1obwxq5uewlxm0grer54wc3gbsmm8xz50r0ovd6783vdr7cqfhapy88mgbw4g4gwvhk0p7tfrm6cfxj5av7sc2ndug8xbw3liry0829w4o1181i4tnz4p3vub614bpn:latest/table.table.json", "path": "media/table/table_12322_eb379da27b9a5239e1a5.table.json", "ncols": 6, "nrows": 709}, "_wandb": {"runtime": 9360}}