{"num_train": 19629, "num_valid": 3381, "_timestamp": 1681684336, "_runtime": 9844, "_step": 12322, "loss": 2.1204705238342285, "train_loss": 1.5561276464586538, "lr": 6.395177052675794e-05, "epoch": 38, "valid_loss": 0.9930455563244996, "valid_padded_cmAP": 0.9006865828087011, "cmAP": 0.9014743933846346, "best": {"epoch": 38, "cmAP": 0.9014743933846346, "_timestamp": 1681684300, "_runtime": 9808}, "table": {"_type": "table-file", "sha256": "aca506e7f12a43303c6c9954dcde3eb8e9176ed9d62d59da79f93bbf4bf1e378", "size": 45864, "artifact_path": "wandb-client-artifact://16xzvoyzkdxo58qc3ccl4b0jfp4utztlj0jl8tlppape9ddkk02pqvggr0kkk3xp9fctuzxr65dm5jry2t4qi27bfpd9t2fvpjo55ta9x2m5oz0qyxzeyfi5q20zzfh0:latest/table.table.json", "_latest_artifact_path": "wandb-client-artifact://16xzvoyzkdxo58qc3ccl4b0jfp4utztlj0jl8tlppape9ddkk02pqvggr0kkk3xp9fctuzxr65dm5jry2t4qi27bfpd9t2fvpjo55ta9x2m5oz0qyxzeyfi5q20zzfh0:latest/table.table.json", "path": "media/table/table_12322_aca506e7f12a43303c6c.table.json", "ncols": 6, "nrows": 698}, "_wandb": {"runtime": 9845}}