{"num_train": 19627, "num_valid": 3381, "_timestamp": 1681587551, "_runtime": 7573, "_step": 9242, "loss": 0.0015088836662471294, "train_loss": 0.0016174981058105, "lr": 0.00010453658778440107, "epoch": 30, "valid_loss": 0.0013695829537162488, "valid_padded_cmAP": 0.880730347538465, "cmAP": 0.880730347538465, "best": {"epoch": 30, "cmAP": 0.880730347538465, "_timestamp": 1681587508, "_runtime": 7530}, "table": {"_type": "table-file", "sha256": "6a945b99b4a98a9ded85be4a6837938e067657d1610112b840a22e7ceee2d52f", "size": 52685, "artifact_path": "wandb-client-artifact://14h381sso3s099eatf2e6l53qprsdofi0e3udn4wfezagz2r8ar6i540c9skly83b03jmpuxpj3nd320qocinq0rq7j9zunjqtexggjmclx0z384bojn46yjs8j0snjv:latest/table.table.json", "_latest_artifact_path": "wandb-client-artifact://14h381sso3s099eatf2e6l53qprsdofi0e3udn4wfezagz2r8ar6i540c9skly83b03jmpuxpj3nd320qocinq0rq7j9zunjqtexggjmclx0z384bojn46yjs8j0snjv:latest/table.table.json", "path": "media/table/table_9242_6a945b99b4a98a9ded85.table.json", "ncols": 6, "nrows": 802}, "_wandb": {"runtime": 7577}}