{"num_train": 19627, "num_valid": 3381, "_timestamp": 1682943925, "_runtime": 4473, "_step": 4651, "loss": 0.003970806486904621, "train_loss": 0.0036089370970602158, "lr": 0.00010453658778440107, "epoch": 1, "valid_loss": 0.004705314938392904, "valid_padded_cmAP": 0.47885680574489664, "cmAP": 0.47973441306922393}