{"num_train": 19623, "num_valid": 3381, "_timestamp": 1681694200, "_runtime": 9829, "_step": 12322, "loss": 1.643660306930542, "train_loss": 1.5300141829232827, "lr": 6.395177052675794e-05, "epoch": 40, "valid_loss": 0.9868378893092826, "valid_padded_cmAP": 0.8943661321429541, "cmAP": 0.8943661321429541, "best": {"epoch": 40, "cmAP": 0.8943661321429541, "_timestamp": 1681694165, "_runtime": 9794}, "table": {"_type": "table-file", "sha256": "7c5bc3c24050e9e10aeb111c7d376b8a4b64d4a9e492f27857279c6cb6583b25", "size": 44904, "artifact_path": "wandb-client-artifact://s90yscmhvsw7n6fd7gbsl04sl1zqvy2hk07utu2iq9qit6kxumz7odt6g0n0534epipw861t1zbverleqz2hnopkh5u0n6dtg0c2yhv08563ijemvde47pp0d9msu1k3:latest/table.table.json", "_latest_artifact_path": "wandb-client-artifact://s90yscmhvsw7n6fd7gbsl04sl1zqvy2hk07utu2iq9qit6kxumz7odt6g0n0534epipw861t1zbverleqz2hnopkh5u0n6dtg0c2yhv08563ijemvde47pp0d9msu1k3:latest/table.table.json", "path": "media/table/table_12322_7c5bc3c24050e9e10aeb.table.json", "ncols": 6, "nrows": 683}, "_wandb": {"runtime": 9829}}