{"num_train": 19623, "num_valid": 3381, "_timestamp": 1684224130, "_runtime": 16053, "_step": 15402, "loss": 1.0632003545761108, "train_loss": 1.3665051134090858, "lr": 4.4760639485315584e-05, "epoch": 49, "valid_loss": 1.6900134726806924, "valid_padded_cmAP": 0.8868723959909169, "primary_cmAP": 0.8872629561179728, "best": {"epoch": 49, "primary_cmAP": 0.8872629561179728, "_timestamp": 1684224089, "_runtime": 16012}, "table": {"_type": "table-file", "sha256": "2b0380539d6d0808e91505eb50e703b37a4207b28853e730e5bfce5db0db322d", "size": 44920, "artifact_path": "wandb-client-artifact://10d75ctrirouaqvadqrkxqlig5pzkg2y2pc2lr0cn03urvj038cviwgqi750c6zoqm4q2bh77e45t54qbuvu7ulpi5imcvsw4numpyaymigj483mlqb812jb0m1j4xao:latest/table.table.json", "_latest_artifact_path": "wandb-client-artifact://10d75ctrirouaqvadqrkxqlig5pzkg2y2pc2lr0cn03urvj038cviwgqi750c6zoqm4q2bh77e45t54qbuvu7ulpi5imcvsw4numpyaymigj483mlqb812jb0m1j4xao:latest/table.table.json", "path": "media/table/table_15402_2b0380539d6d0808e915.table.json", "ncols": 6, "nrows": 683}, "_wandb": {"runtime": 16055}}