{"num_train": 19627, "num_valid": 3381, "_timestamp": 1684017165, "_runtime": 21782, "_step": 8262, "loss": 0.0007700700080022216, "train_loss": 0.0007953956965993867, "lr": 6.91052117309147e-05, "epoch": 70, "valid_loss": 0.002652320157042021, "valid_padded_cmAP": 0.8917503527200351, "cmAP": 0.8917503527200351, "best": {"epoch": 70, "cmAP": 0.8917503527200351, "_timestamp": 1684017126, "_runtime": 21743}, "table": {"_type": "table-file", "sha256": "65f9dfe628502bbebe1667d1c974e642068c50e106da884ed3b81499c4ec0dca", "size": 45460, "artifact_path": "wandb-client-artifact://z1cj4c6mk8qg27567twi7um1haxbarybmajuq9j83rfhsbg7r7xneu72kj9cir7z7ffxe71y2qi7kcvqc52gyhktrus0eykk8y62dbi0hgi1sxmdihm2cfxa0zi502s9:latest/table.table.json", "_latest_artifact_path": "wandb-client-artifact://z1cj4c6mk8qg27567twi7um1haxbarybmajuq9j83rfhsbg7r7xneu72kj9cir7z7ffxe71y2qi7kcvqc52gyhktrus0eykk8y62dbi0hgi1sxmdihm2cfxa0zi502s9:latest/table.table.json", "path": "media/table/table_8262_65f9dfe628502bbebe16.table.json", "ncols": 6, "nrows": 692}, "_wandb": {"runtime": 21784}}