{"num_train": 78407, "num_valid": 3216, "_timestamp": 1682931561, "_runtime": 73474, "_step": 12280, "loss": 0.000858241633977741, "train_loss": 0.0009930189602080045, "lr": 0.00021404630011522585, "epoch": 20, "valid_loss": 0.0006929149620611077, "valid_padded_cmAP": 0.9217589947338769}