{"num_train": 19627, "num_valid": 3381, "_timestamp": 1683444425, "_runtime": 1953, "_step": 468, "loss": 0.0015029797796159983, "train_loss": 0.0015401267824549374, "lr": 9.901664203302126e-05, "epoch": 3, "valid_loss": 0.0015325016186883051, "valid_padded_cmAP": 0.8712169500436668}