{"num_train": 20215, "num_valid": 3381, "_timestamp": 1684692044, "_runtime": 12602, "_step": 10553, "loss": 1.680056095123291, "train_loss": 2.120385495544989, "lr": 0.0004429600493856695, "epoch": 33, "valid_loss": 1.6377289957470365, "valid_padded_cmAP": 0.8937254629820209}