{"num_train": 19629, "num_valid": 3382, "_timestamp": 1684041687, "_runtime": 24489, "_step": 8262, "loss": 0.0007821444305591285, "train_loss": 0.0007881567202524369, "lr": 6.91052117309147e-05, "epoch": 66, "valid_loss": 0.0025528077554587574, "valid_padded_cmAP": 0.883002645347193, "cmAP": 0.8842400073603325, "best": {"epoch": 66, "cmAP": 0.8842400073603325, "_timestamp": 1684041639, "_runtime": 24441}, "table": {"_type": "table-file", "sha256": "1b64771e8409017428420570077d901445310b575d06d990d55ddc2c26b49eff", "size": 46573, "artifact_path": "wandb-client-artifact://w5isvv293axjxov5x31z7vlspgh1dadn1yml0xtyqsq5nqkw4i6q3nj2h5hofb34wbzdhndz43nb5d3109lfashpuvhhzfaa91m7hk9beayj9wuuama7otr54468rw5q:latest/table.table.json", "_latest_artifact_path": "wandb-client-artifact://w5isvv293axjxov5x31z7vlspgh1dadn1yml0xtyqsq5nqkw4i6q3nj2h5hofb34wbzdhndz43nb5d3109lfashpuvhhzfaa91m7hk9beayj9wuuama7otr54468rw5q:latest/table.table.json", "path": "media/table/table_8262_1b64771e840901742842.table.json", "ncols": 6, "nrows": 709}, "_wandb": {"runtime": 24491}}