{"num_train": 19627, "num_valid": 3381, "_timestamp": 1682949369, "_runtime": 4560, "_step": 4652, "loss": 0.004110315814614296, "train_loss": 0.003736079582799371, "lr": 1.859423525312737e-05, "epoch": 1, "valid_loss": 0.004917445075180795, "valid_padded_cmAP": 0.4790887053489617, "cmAP": 0.47973441306922393, "best": {"epoch": 1, "cmAP": 0.47973441306922393, "_timestamp": 1682949172, "_runtime": 4363}, "table": {"_type": "table-file", "sha256": "0b4f295dcdf6b55b8aeb9a3ad6f08fb15d7eac7329db2f8f613f0e56d9c770bc", "size": 216474, "artifact_path": "wandb-client-artifact://665wn4ekncoz6qasndj5rg9bqbu4efnzo2syulj62sbhjjye7nsmdrg45pldk6pn8x2du9lwne131qw3re48x6dlxhwf6x6hz0tp2doytuep9pfdw40408mvzf8d8rml:latest/table.table.json", "_latest_artifact_path": "wandb-client-artifact://665wn4ekncoz6qasndj5rg9bqbu4efnzo2syulj62sbhjjye7nsmdrg45pldk6pn8x2du9lwne131qw3re48x6dlxhwf6x6hz0tp2doytuep9pfdw40408mvzf8d8rml:latest/table.table.json", "path": "media/table/table_4652_0b4f295dcdf6b55b8aeb.table.json", "ncols": 6, "nrows": 3313}, "_wandb": {"runtime": 4609}}