{"num_train": 19627, "num_valid": 3381, "_timestamp": 1683450006, "_runtime": 586, "_step": 560, "loss": 0.005493639037013054, "train_loss": 0.006206289831815022, "lr": 0.00043000000000000004, "epoch": 3, "valid_loss": 0.006599868061365905, "valid_padded_cmAP": 0.4823241671252016}