{"num_train": 19629, "num_valid": 3381, "_timestamp": 1683757679, "_runtime": 9338, "_step": 4652, "loss": 3.9989421367645264, "train_loss": 3.5707583845435797, "lr": 0.00010453658778440107, "epoch": 28, "valid_loss": 5.279082392489759, "valid_padded_cmAP": 0.9092506510304126, "cmAP": 0.9100772153467382, "best": {"epoch": 28, "cmAP": 0.9100772153467382, "_timestamp": 1683757640, "_runtime": 9299}, "table": {"_type": "table-file", "sha256": "d1f7189d0f27ef7cd2036ef651259a2d39d9448638680b64ca8575de026d9dd7", "size": 55491, "artifact_path": "wandb-client-artifact://580gx0hwo3zq8t7u5sltm8m5wivmk3p7lnt8pt3pr3e6xxu224srlttiyuha1jkomvyb4fc41uzbevt6bunf6uvefzwvxi3rsccbf21fhhdd3vv2htwrhtx6fqr84w3t:latest/table.table.json", "_latest_artifact_path": "wandb-client-artifact://580gx0hwo3zq8t7u5sltm8m5wivmk3p7lnt8pt3pr3e6xxu224srlttiyuha1jkomvyb4fc41uzbevt6bunf6uvefzwvxi3rsccbf21fhhdd3vv2htwrhtx6fqr84w3t:latest/table.table.json", "path": "media/table/table_4652_d1f7189d0f27ef7cd203.table.json", "ncols": 6, "nrows": 847}, "_wandb": {"runtime": 9345}}