{"num_train": 19623, "num_valid": 3381, "_timestamp": 1683321347, "_runtime": 4217, "_step": 4652, "loss": 0.003112850245088339, "train_loss": 0.002493059083474679, "lr": 0.00010453658778440107, "epoch": 30, "valid_loss": 0.0027115857832271744, "valid_padded_cmAP": 0.7724811876088449, "primary_cmAP": 0.8194918794608896, "best": {"epoch": 30, "primary_cmAP": 0.8194918794608896, "_timestamp": 1683321288, "_runtime": 4158}, "table": {"_type": "table-file", "sha256": "c398643c5244099821541032a9dd7cbc87fe95b0a6b32a48fda7c3b14cd3b51e", "size": 70229, "artifact_path": "wandb-client-artifact://3po8ckkvmv0nodjsc1hjv6aebdicgs2qd8rjd2yizskas7yf22pghfx962y2yhliqkgnxs7stc2qiufwp4zvkqvrt4ixc0qzxvvtchav4vuyeeexj7zqbip31hm7q9oy:latest/table.table.json", "_latest_artifact_path": "wandb-client-artifact://3po8ckkvmv0nodjsc1hjv6aebdicgs2qd8rjd2yizskas7yf22pghfx962y2yhliqkgnxs7stc2qiufwp4zvkqvrt4ixc0qzxvvtchav4vuyeeexj7zqbip31hm7q9oy:latest/table.table.json", "path": "media/table/table_4652_c398643c524409982154.table.json", "ncols": 6, "nrows": 1069}, "_wandb": {"runtime": 4229}}