{"num_train": 19629, "num_valid": 3382, "_timestamp": 1680870148, "_runtime": 4820, "_step": 4652, "loss": 2.8106560707092285, "train_loss": 2.4181013029891174, "lr": 0.00010453658778440107, "epoch": 29, "valid_loss": 4.818199811158357, "valid_padded_cmAP": 0.893805667350558, "cmAP": 0.8942432538397602, "best": {"epoch": 29, "cmAP": 0.8942432538397602, "_timestamp": 1680870108, "_runtime": 4780}, "table": {"_type": "table-file", "sha256": "672572528d5a1b26ba88c0526374571fb017c704434d636673ac9a0892661b5b", "size": 48248, "artifact_path": "wandb-client-artifact://u93qxh0sounczkymgp5by2zu2j92fnasul33s6bzj6bwxu4go1knqv02it0ducsro9kc2wgc8nhilr1xcljhnec3d5mc1nxybnjwuifwnflltaoy155yqgo2zf0dwft4:latest/table.table.json", "_latest_artifact_path": "wandb-client-artifact://u93qxh0sounczkymgp5by2zu2j92fnasul33s6bzj6bwxu4go1knqv02it0ducsro9kc2wgc8nhilr1xcljhnec3d5mc1nxybnjwuifwnflltaoy155yqgo2zf0dwft4:latest/table.table.json", "path": "media/table/table_4652_672572528d5a1b26ba88.table.json", "ncols": 6, "nrows": 735}, "_wandb": {"runtime": 4827}}