{"num_train": 20217, "num_valid": 3381, "_timestamp": 1684787663, "_runtime": 19861, "_step": 15852, "loss": 1.7193922996520996, "train_loss": 1.759641646584378, "lr": 4.4760639485315584e-05, "epoch": 50, "valid_loss": 1.6930714393103565, "valid_padded_cmAP": 0.8997281129019178, "primary_cmAP": 0.8997281129019178, "best": {"epoch": 50, "primary_cmAP": 0.8997281129019178, "_timestamp": 1684787621, "_runtime": 19819}, "table": {"_type": "table-file", "sha256": "3b58af545203f58754f049f60e8e545c66786f69c8319252c85466f45ea1bd9e", "size": 43544, "artifact_path": "wandb-client-artifact://itw5ayrjw7myobb1foqswjkvxlwfc37wbzzmnxu40rz7pr9yu7qlqj40dvrq1yb1mm6pp5jnn9fvuehguo7rtmwpbqrkhd3by7hm3x8r2bjx024yed49h27m4u2oxdtr:latest/table.table.json", "_latest_artifact_path": "wandb-client-artifact://itw5ayrjw7myobb1foqswjkvxlwfc37wbzzmnxu40rz7pr9yu7qlqj40dvrq1yb1mm6pp5jnn9fvuehguo7rtmwpbqrkhd3by7hm3x8r2bjx024yed49h27m4u2oxdtr:latest/table.table.json", "path": "media/table/table_15852_3b58af545203f58754f0.table.json", "ncols": 6, "nrows": 663}, "_wandb": {"runtime": 19859}}