{"num_train": 19624, "num_valid": 3380, "_timestamp": 1683861325, "_runtime": 9768, "_step": 4652, "loss": 3.6920623779296875, "train_loss": 3.405503262173046, "lr": 0.00010453658778440107, "epoch": 26, "valid_loss": 5.211394786270413, "valid_padded_cmAP": 0.9359728513056763, "cmAP": 0.9370409125428627, "best": {"epoch": 26, "cmAP": 0.9370409125428627, "_timestamp": 1683861291, "_runtime": 9734}, "table": {"_type": "table-file", "sha256": "cece561b5ebde51bc8c237f9d34ea7d614f830f5677948e9ebeaa530ac068f8f", "size": 46463, "artifact_path": "wandb-client-artifact://ir7k42x0pvtsf6v2zh9gpx7pgr02lmn233dbsf5l92i1p5p96rp9r2mhhywm7slqkwzzc8dvbi25wf4h9fkfa4l78jsd5qy005i7ydgwupxaegcd89m32qcfzjgc3zj5:latest/table.table.json", "_latest_artifact_path": "wandb-client-artifact://ir7k42x0pvtsf6v2zh9gpx7pgr02lmn233dbsf5l92i1p5p96rp9r2mhhywm7slqkwzzc8dvbi25wf4h9fkfa4l78jsd5qy005i7ydgwupxaegcd89m32qcfzjgc3zj5:latest/table.table.json", "path": "media/table/table_4652_cece561b5ebde51bc8c2.table.json", "ncols": 6, "nrows": 709}, "_wandb": {"runtime": 9769}}