{"num_train": 19629, "num_valid": 3382, "_timestamp": 1683102434, "_runtime": 4709, "_step": 4652, "loss": 1.5638632774353027, "train_loss": 1.5203500390052795, "lr": 0.00010453658778440107, "epoch": 29, "valid_loss": 0.9126554109432079, "valid_padded_cmAP": 0.9077819989108271, "cmAP": 0.9105287478406475, "best": {"epoch": 29, "cmAP": 0.9105287478406475, "_timestamp": 1683102397, "_runtime": 4672}, "table": {"_type": "table-file", "sha256": "dc8718460a956823f7b06ff82d6f3ac0a9e8c25254fc4c3b4716142bc0b7eaab", "size": 44307, "artifact_path": "wandb-client-artifact://ts30k2yg9vqmysv96blco4d2veyazo6wl2i3bf5sitdq2bwpfum90b2fxkf9bkt7myng6rhdhymswe53b4g9ems8eyjdoqy3jtd3ktp0flzdh0cpsi3wrkkyjepmd8qm:latest/table.table.json", "_latest_artifact_path": "wandb-client-artifact://ts30k2yg9vqmysv96blco4d2veyazo6wl2i3bf5sitdq2bwpfum90b2fxkf9bkt7myng6rhdhymswe53b4g9ems8eyjdoqy3jtd3ktp0flzdh0cpsi3wrkkyjepmd8qm:latest/table.table.json", "path": "media/table/table_4652_dc8718460a956823f7b0.table.json", "ncols": 6, "nrows": 674}, "_wandb": {"runtime": 4708}}