{"num_train": 19627, "num_valid": 3381, "_timestamp": 1683092871, "_runtime": 2662, "_step": 5156, "loss": 1.8598531484603882, "train_loss": 1.8459150301905332, "lr": 0.000855017856687341, "epoch": 16, "valid_loss": 1.1423629235338282, "valid_padded_cmAP": 0.8832841201474213}