{"num_train": 20217, "num_valid": 3382, "_timestamp": 1684543880, "_runtime": 18300, "_step": 15852, "loss": 1.7230192422866821, "train_loss": 1.8795445874522003, "lr": 4.4760639485315584e-05, "epoch": 50, "valid_loss": 1.7535788483089871, "valid_padded_cmAP": 0.8964371066892267, "primary_cmAP": 0.8964371066892267, "best": {"epoch": 50, "primary_cmAP": 0.8964371066892267, "_timestamp": 1684543828, "_runtime": 18248}, "table": {"_type": "table-file", "sha256": "34d7441e4a1a7925e25f0516d0ec5c23d7b8da4149c81879a8bda1d10004833a", "size": 46408, "artifact_path": "wandb-client-artifact://7d8ys9neny9t8k7sgr0ylxnl9pujzdhykogkc49pdib81ia9t2qsu9lanw4ncznxqzeihfdvgxquzfiz5o2f1cek5t596ecmkpl0pgshjdizaupqlgbkb0c6ss633085:latest/table.table.json", "_latest_artifact_path": "wandb-client-artifact://7d8ys9neny9t8k7sgr0ylxnl9pujzdhykogkc49pdib81ia9t2qsu9lanw4ncznxqzeihfdvgxquzfiz5o2f1cek5t596ecmkpl0pgshjdizaupqlgbkb0c6ss633085:latest/table.table.json", "path": "media/table/table_15852_34d7441e4a1a7925e25f.table.json", "ncols": 6, "nrows": 707}, "_wandb": {"runtime": 18298}}