{"num_train": 19627, "num_valid": 3381, "_timestamp": 1684070425, "_runtime": 7126, "_step": 5017, "loss": 0.0010645589791238308, "train_loss": 0.0009090678940992802, "lr": 0.0004739186928329899, "epoch": 32, "valid_loss": 0.001846409325177471, "valid_padded_cmAP": 0.8895191936113416}