{"num_train": 19623, "num_valid": 3381, "_timestamp": 1681609134, "_runtime": 6436, "_step": 8007, "loss": 0.0018582255579531193, "train_loss": 0.0017849791215593146, "lr": 0.000303665361677479, "epoch": 25, "valid_loss": 0.0016459573030092375, "valid_padded_cmAP": 0.8468847515655565}