{"num_train": 19623, "num_valid": 3381, "_timestamp": 1684147608, "_runtime": 10803, "_step": 7752, "loss": 0.0006362576968967915, "train_loss": 0.0007652740671553395, "lr": 4.4760639485315584e-05, "epoch": 19, "valid_loss": 0.0022287990216648687, "valid_padded_cmAP": 0.8825599339678168, "cmAP": 0.8828698401541639, "best": {"epoch": 19, "cmAP": 0.8828698401541639, "_timestamp": 1684147569, "_runtime": 10764}, "table": {"_type": "table-file", "sha256": "58de21c8ae537a0360a28f6b7e4e696b6d02fe06ca84b5d2e8ba7f221c278459", "size": 47817, "artifact_path": "wandb-client-artifact://jkgrcykvaur9ar6hdmj6rmvath04nwo722pqlff76qupvg5cysos74eov7j9uxcpojtrx15mciy6lub22g0vsg9uaaejembfu8n95lzcd5619m14r3uhq9w5dl25xgxx:latest/table.table.json", "_latest_artifact_path": "wandb-client-artifact://jkgrcykvaur9ar6hdmj6rmvath04nwo722pqlff76qupvg5cysos74eov7j9uxcpojtrx15mciy6lub22g0vsg9uaaejembfu8n95lzcd5619m14r3uhq9w5dl25xgxx:latest/table.table.json", "path": "media/table/table_7752_58de21c8ae537a0360a2.table.json", "ncols": 6, "nrows": 727}, "_wandb": {"runtime": 10806}}