{"num_train": 19624, "num_valid": 3380, "_timestamp": 1683115099, "_runtime": 2692, "_step": 2496, "loss": 1.6905571222305298, "train_loss": 1.7756706894218148, "lr": 0.0007525, "epoch": 16, "valid_loss": 0.9719005254683671, "valid_padded_cmAP": 0.8974663361691345}