{"num_train": 19624, "num_valid": 3380, "_timestamp": 1683243401, "_runtime": 4787, "_step": 4652, "loss": 0.0022320132702589035, "train_loss": 0.0021481126873427398, "lr": 0.00010453658778440107, "epoch": 30, "valid_loss": 0.002330013848323789, "valid_padded_cmAP": 0.8147486928703929, "primary_cmAP": 0.8601172071130767, "best": {"epoch": 30, "primary_cmAP": 0.8601172071130767, "_timestamp": 1683243354, "_runtime": 4740}, "table": {"_type": "table-file", "sha256": "2c6442310c32aff623936d6057bdd4322505a4b18b39ae984387a578c67046f5", "size": 56088, "artifact_path": "wandb-client-artifact://46hc817yqgft6nc4ok6vos4k7m3ui6n2ltpl8aifglwypfthwuqclowdocnww7pdqaixvjs51hu3b1iw7opotm0505nx4siyenwf4o0t6sfgbszjvjb5pc3dskiuaqmb:latest/table.table.json", "_latest_artifact_path": "wandb-client-artifact://46hc817yqgft6nc4ok6vos4k7m3ui6n2ltpl8aifglwypfthwuqclowdocnww7pdqaixvjs51hu3b1iw7opotm0505nx4siyenwf4o0t6sfgbszjvjb5pc3dskiuaqmb:latest/table.table.json", "path": "media/table/table_4652_2c6442310c32aff62393.table.json", "ncols": 6, "nrows": 854}, "_wandb": {"runtime": 4788}}