{"num_train": 19623, "num_valid": 3381, "_timestamp": 1680846798, "_runtime": 4747, "_step": 4652, "loss": 1.431272029876709, "train_loss": 1.433282350564932, "lr": 0.00010453658778440107, "epoch": 30, "valid_loss": 1.0567251576317682, "valid_padded_cmAP": 0.8843883016078519, "cmAP": 0.8843883016078519, "best": {"epoch": 30, "cmAP": 0.8843883016078519, "_timestamp": 1680846762, "_runtime": 4711}, "table": {"_type": "table-file", "sha256": "cf7034abf1032aa19479be8f4c1b904f95908472c4bc635286e141d7efe53781", "size": 47662, "artifact_path": "wandb-client-artifact://nbers674o51wge01rve2l4dtv6wowbbjlay2ttjt633o8xh62e5us4ecunew0zdd5mtawhtuez2fpnmt9ywddwhc2kv3meo955algm4kbrb1qvjsdl4ija94e93xhguz:latest/table.table.json", "_latest_artifact_path": "wandb-client-artifact://nbers674o51wge01rve2l4dtv6wowbbjlay2ttjt633o8xh62e5us4ecunew0zdd5mtawhtuez2fpnmt9ywddwhc2kv3meo955algm4kbrb1qvjsdl4ija94e93xhguz:latest/table.table.json", "path": "media/table/table_4652_cf7034abf1032aa19479.table.json", "ncols": 6, "nrows": 725}, "_wandb": {"runtime": 4747}}