{"num_train": 19629, "num_valid": 3381, "_timestamp": 1684208041, "_runtime": 16864, "_step": 15402, "loss": 1.3370369672775269, "train_loss": 1.3903680404933345, "lr": 4.4760639485315584e-05, "epoch": 47, "valid_loss": 1.6338637879601232, "valid_padded_cmAP": 0.8940473424635242, "primary_cmAP": 0.8942538218049406, "best": {"epoch": 47, "primary_cmAP": 0.8942538218049406, "_timestamp": 1684208001, "_runtime": 16824}, "table": {"_type": "table-file", "sha256": "c4b496a8bb56fa4ab213ea2340c74f828ac4e79b31eadb04b3c433cc5319d915", "size": 43997, "artifact_path": "wandb-client-artifact://ppw3zk8oykoj6pi13o5a23am5isyqu2cctz39ox7v8yzwqnwonah8s74zg2yaq9dz7cu33j4qpj6lksi67n1ypweokj9tukx2sqx8flxvg3jlsbd4zvbd872owptv8cr:latest/table.table.json", "_latest_artifact_path": "wandb-client-artifact://ppw3zk8oykoj6pi13o5a23am5isyqu2cctz39ox7v8yzwqnwonah8s74zg2yaq9dz7cu33j4qpj6lksi67n1ypweokj9tukx2sqx8flxvg3jlsbd4zvbd872owptv8cr:latest/table.table.json", "path": "media/table/table_15402_c4b496a8bb56fa4ab213.table.json", "ncols": 6, "nrows": 669}, "_wandb": {"runtime": 16866}}