{"num_train": 19629, "num_valid": 3381, "_timestamp": 1680842015, "_runtime": 4736, "_step": 4652, "loss": 1.5999610424041748, "train_loss": 1.4534742042615816, "lr": 0.00010453658778440107, "epoch": 30, "valid_loss": 1.082678790445681, "valid_padded_cmAP": 0.8858364914485521, "cmAP": 0.8858364914485521, "best": {"epoch": 30, "cmAP": 0.8858364914485521, "_timestamp": 1680841975, "_runtime": 4696}, "table": {"_type": "table-file", "sha256": "aec91b0c7bec7b98fadd649d4b3d54bb0936d2bcf9ee2eac8f298ab076ee50af", "size": 49526, "artifact_path": "wandb-client-artifact://7fptjqtshxwbeixfxrv8aktt4bf3eunwhe6m8c9k0o9w3yiynuwich76ryumhf7ksyzxsueemb18rwwuybiv5b29lo3uzp6ykfjnbgu32nybmu6s2klnqqa12snrwnpe:latest/table.table.json", "_latest_artifact_path": "wandb-client-artifact://7fptjqtshxwbeixfxrv8aktt4bf3eunwhe6m8c9k0o9w3yiynuwich76ryumhf7ksyzxsueemb18rwwuybiv5b29lo3uzp6ykfjnbgu32nybmu6s2klnqqa12snrwnpe:latest/table.table.json", "path": "media/table/table_4652_aec91b0c7bec7b98fadd.table.json", "ncols": 6, "nrows": 754}, "_wandb": {"runtime": 4737}}